GP2040-CE board config is set: Haute42COSMOX
PICO_SDK_PATH is /Users/desktop/.pico-sdk/sdk/2.3.1
Target board (PICO_BOARD) is 'pico'.
Using board configuration from /Users/desktop/.pico-sdk/sdk/2.3.1/src/boards/include/boards/pico.h
Pico Platform (PICO_PLATFORM) is 'rp2040'.
Detected GCC so defaulting PICO_COMPILER to `pico_arm_cortex_m0plus_gcc`
Configuring toolchain based on PICO_COMPILER 'pico_arm_cortex_m0plus_gcc'
-- Found Git: /usr/local/bin/git (found version "2.47.0")
GIT_REPO_VERSION is v0.7.12-100-ga366363-dirty
CMAKE_GIT_REPO_VERSION is 0.7.12
GIT_REPO_BUILD_ID is a366363
Defaulting PICO_GCC_TRIPLE to 'arm-none-eabi'
-- The C compiler identification is GNU 15.2.1
-- The CXX compiler identification is GNU 15.2.1
-- The ASM compiler identification is GNU
-- Found assembler: /Users/desktop/.pico-sdk/toolchain/15_2_Rel1/bin/arm-none-eabi-gcc
-- Detecting C compiler ABI info
-- Detecting C compiler ABI info - done
-- Check for working C compiler: /Users/desktop/.pico-sdk/toolchain/15_2_Rel1/bin/arm-none-eabi-gcc - skipped
-- Detecting C compile features
-- Detecting C compile features - done
-- Detecting CXX compiler ABI info
-- Detecting CXX compiler ABI info - done
-- Check for working CXX compiler: /Users/desktop/.pico-sdk/toolchain/15_2_Rel1/bin/arm-none-eabi-g++ - skipped
-- Detecting CXX compile features
-- Detecting CXX compile features - done
Submodules updated
-- Not Skipping WebBuild
-- Found Node.js version 22.17.1: /usr/local/bin/node
-- Found npm version 10.9.2: /usr/local/bin/npm
npm warn deprecated glob@8.1.0: Glob versions prior to v9 are no longer supported

added 530 packages, and audited 531 packages in 4s

112 packages are looking for funding
  run `npm fund` for details

46 vulnerabilities (4 low, 9 moderate, 29 high, 4 critical)

To address issues that do not require attention, run:
  npm audit fix

To address all issues (including breaking changes), run:
  npm audit fix --force

Run `npm audit` for details.

> gp2040-configurator@0.1.0 build
> npm run build-proto && npx vite build && npm run makefsdata


> gp2040-configurator@0.1.0 build-proto
> npx pbjs --no-create --no-encode --no-decode --no-convert --no-verify --no-delimited --sparse -t static-module -w commonjs --path ../lib/nanopb/generator/proto/ ../proto/enums.proto | npx pbts --no-comments -m -o ./src_gen/enums.ts -

vite v4.3.9 building for production...
transforming...
✓ 1390 modules transformed.
rendering chunks...
computing gzip size...
build/index.html                     0.94 kB │ gzip:   0.54 kB
build/assets/index-f25999c8.css    236.52 kB │ gzip:  32.89 kB
build/assets/index-84004af3.js   1,339.02 kB │ gzip: 402.14 kB

(!) Some chunks are larger than 500 kBs after minification. Consider:
- Using dynamic import() to code-split the application
- Use build.rollupOptions.output.manualChunks to improve chunking: https://rollupjs.org/configuration-options/#output-manualchunks
- Adjust chunk size limit for this warning via build.chunkSizeWarningLimit.
✓ built in 3.03s

> gp2040-configurator@0.1.0 makefsdata
> node makefsdata.js

Compressed /assets/index-84004af3.js from 1384320 to 399958 bytes (29%)
Compressed /assets/index-f25999c8.css from 236520 to 32903 bytes (14%)
Compressed /favicon.ico from 15406 to 1698 bytes (11%)
Skipping compression of /images/logo.png by file extension
Compressed /index.html from 944 to 528 bytes (56%)
Skipping compression of /manifest.json by file extension
Cloning into 'arduinojson-src'...
HEAD is now at 420221f0 Set version to 6.21.2
-- Using default Pico-PIO-USB.
-- Found Python3: /opt/homebrew/Frameworks/Python.framework/Versions/3.13/bin/python3.13 (found version "3.13.15") found components: Interpreter
Build type is Release
-- Detected native TLS (__aeabi_read_tp)
TinyUSB available at /Users/desktop/Documents/GitHub/GP2040-CE/lib/tinyusb/hw/bsp/rp2040; enabling build support for USB.
BTstack available at /Users/desktop/.pico-sdk/sdk/2.3.1/lib/btstack
cyw43-driver available at /Users/desktop/.pico-sdk/sdk/2.3.1/lib/cyw43-driver
mbedtls available at /Users/desktop/.pico-sdk/sdk/2.3.1/lib/mbedtls
lwIP available at /Users/desktop/.pico-sdk/sdk/2.3.1/lib/lwip
C library type is newlib
Using picotool from /Users/desktop/.pico-sdk/picotool/2.3.1/picotool/picotool
-- Configuring done (11.6s)
-- Generating done (0.4s)
-- Build files have been written to: /Users/desktop/Documents/GitHub/GP2040-CE/build/cl-Haute42COSMOX
[  0%] Building CXX object lib/CRC32/CMakeFiles/CRC32.dir/src/CRC32.cpp.o
[  0%] Generating usb_rx.pio.h
[  0%] Building ASM object pico-sdk/src/rp2040/boot_stage2/CMakeFiles/bs2_default.dir/compile_time_choice.S.o
[  0%] Generating /Users/desktop/Documents/GitHub/GP2040-CE/lib/NeoPico/src/generated/ws2812.pio.h
[  1%] Building C object lib/nanopb/CMakeFiles/nanopb.dir/pb_common.c.o
[  1%] Building C object lib/nanopb/CMakeFiles/nanopb.dir/pb_decode.c.o
[  1%] Generating usb_tx.pio.h
[  1%] Building C object lib/nanopb/CMakeFiles/nanopb.dir/pb_encode.c.o
[  1%] Built target tinyusb_pico_pio_usb_usb_rx_pio_h
[  1%] Built target tinyusb_pico_pio_usb_usb_tx_pio_h
[  1%] Built target NeoPico_ws2812_pio_h
[  1%] Linking ASM executable bs2_default.elf
[  1%] Linking CXX static library libCRC32.a
[  1%] Built target CRC32
[  1%] Built target bs2_default
[  1%] Generating bs2_default.bin
[  1%] Generating bs2_default_padded_checksummed.S
[  1%] Linking C static library libnanopb.a
[  1%] Built target nanopb
[  1%] Building ASM object pico-sdk/src/rp2040/boot_stage2/CMakeFiles/bs2_default_library.dir/bs2_default_padded_checksummed.S.o
[  1%] Built target bs2_default_library
[  1%] Building CXX object lib/NeoPico/CMakeFiles/NeoPico.dir/src/NeoPico.cpp.o
[  1%] Building CXX object lib/FlashPROM/CMakeFiles/FlashPROM.dir/src/FlashPROM.cpp.o
[  1%] Building C object lib/NeoPico/CMakeFiles/NeoPico.dir/Users/desktop/.pico-sdk/sdk/2.3.1/src/rp2_common/pico_stdlib/stdlib.c.o
[  1%] Building C object lib/NeoPico/CMakeFiles/NeoPico.dir/Users/desktop/.pico-sdk/sdk/2.3.1/src/rp2_common/hardware_gpio/gpio.c.o
[  1%] Building C object lib/lwip-port/CMakeFiles/lwip-port.dir/Users/desktop/.pico-sdk/sdk/2.3.1/lib/tinyusb/lib/networking/dhserver.c.o
[  1%] Building C object lib/FlashPROM/CMakeFiles/FlashPROM.dir/Users/desktop/.pico-sdk/sdk/2.3.1/src/rp2_common/pico_stdlib/stdlib.c.o
[  1%] Building CXX object lib/PicoPeripherals/CMakeFiles/PicoPeripherals.dir/peripheral_i2c.cpp.o
[  1%] Building CXX object lib/SNESpad/CMakeFiles/SNESpad.dir/SNESpad.cpp.o
[  1%] Building C object lib/lwip-port/CMakeFiles/lwip-port.dir/Users/desktop/.pico-sdk/sdk/2.3.1/lib/tinyusb/lib/networking/dnserver.c.o
[  1%] Building C object lib/NeoPico/CMakeFiles/NeoPico.dir/Users/desktop/.pico-sdk/sdk/2.3.1/src/rp2040/pico_platform/platform.c.o
[  1%] Building C object lib/FlashPROM/CMakeFiles/FlashPROM.dir/Users/desktop/.pico-sdk/sdk/2.3.1/src/rp2_common/hardware_gpio/gpio.c.o
[  1%] Building C object lib/NeoPico/CMakeFiles/NeoPico.dir/Users/desktop/.pico-sdk/sdk/2.3.1/src/rp2_common/pico_platform_common/common.c.o
[  1%] Building CXX object lib/PicoPeripherals/CMakeFiles/PicoPeripherals.dir/peripheral_spi.cpp.o
[  1%] Building C object lib/SNESpad/CMakeFiles/SNESpad.dir/Users/desktop/.pico-sdk/sdk/2.3.1/src/rp2_common/pico_stdlib/stdlib.c.o
[  1%] Building C object lib/NeoPico/CMakeFiles/NeoPico.dir/Users/desktop/.pico-sdk/sdk/2.3.1/src/rp2_common/pico_platform_panic/panic.c.o
[  1%] Building C object lib/lwip-port/CMakeFiles/lwip-port.dir/Users/desktop/.pico-sdk/sdk/2.3.1/src/rp2_common/pico_stdlib/stdlib.c.o
[  1%] Building C object lib/FlashPROM/CMakeFiles/FlashPROM.dir/Users/desktop/.pico-sdk/sdk/2.3.1/src/rp2040/pico_platform/platform.c.o
[  1%] Building C object lib/FlashPROM/CMakeFiles/FlashPROM.dir/Users/desktop/.pico-sdk/sdk/2.3.1/src/rp2_common/pico_platform_common/common.c.o
[  1%] Building ASM object lib/NeoPico/CMakeFiles/NeoPico.dir/Users/desktop/.pico-sdk/sdk/2.3.1/src/rp2_common/pico_platform_panic/custom_panic_function.S.o
[  1%] Building C object lib/SNESpad/CMakeFiles/SNESpad.dir/Users/desktop/.pico-sdk/sdk/2.3.1/src/rp2_common/hardware_gpio/gpio.c.o
[  2%] Building C object lib/FlashPROM/CMakeFiles/FlashPROM.dir/Users/desktop/.pico-sdk/sdk/2.3.1/src/rp2_common/pico_platform_panic/panic.c.o
[  2%] Building C object lib/lwip-port/CMakeFiles/lwip-port.dir/Users/desktop/.pico-sdk/sdk/2.3.1/src/rp2_common/hardware_gpio/gpio.c.o
[  2%] Building ASM object lib/FlashPROM/CMakeFiles/FlashPROM.dir/Users/desktop/.pico-sdk/sdk/2.3.1/src/rp2_common/pico_platform_panic/custom_panic_function.S.o
[  2%] Building C object lib/NeoPico/CMakeFiles/NeoPico.dir/Users/desktop/.pico-sdk/sdk/2.3.1/src/common/hardware_claim/claim.c.o
[  3%] Building CXX object lib/PicoPeripherals/CMakeFiles/PicoPeripherals.dir/peripheral_usb.cpp.o
[  4%] Building C object lib/SNESpad/CMakeFiles/SNESpad.dir/Users/desktop/.pico-sdk/sdk/2.3.1/src/rp2040/pico_platform/platform.c.o
[  4%] Building C object lib/FlashPROM/CMakeFiles/FlashPROM.dir/Users/desktop/.pico-sdk/sdk/2.3.1/src/common/hardware_claim/claim.c.o
[  4%] Building C object lib/lwip-port/CMakeFiles/lwip-port.dir/Users/desktop/.pico-sdk/sdk/2.3.1/src/rp2040/pico_platform/platform.c.o
[  4%] Building C object lib/FlashPROM/CMakeFiles/FlashPROM.dir/Users/desktop/.pico-sdk/sdk/2.3.1/src/rp2_common/hardware_sync/sync.c.o
[  4%] Building C object lib/PicoPeripherals/CMakeFiles/PicoPeripherals.dir/Users/desktop/.pico-sdk/sdk/2.3.1/src/rp2_common/pico_stdlib/stdlib.c.o
[  5%] Building C object lib/NeoPico/CMakeFiles/NeoPico.dir/Users/desktop/.pico-sdk/sdk/2.3.1/src/rp2_common/hardware_sync/sync.c.o
[  5%] Building C object lib/SNESpad/CMakeFiles/SNESpad.dir/Users/desktop/.pico-sdk/sdk/2.3.1/src/rp2_common/pico_platform_common/common.c.o
[  5%] Building C object lib/PicoPeripherals/CMakeFiles/PicoPeripherals.dir/Users/desktop/.pico-sdk/sdk/2.3.1/src/rp2_common/hardware_gpio/gpio.c.o
[  5%] Building C object lib/FlashPROM/CMakeFiles/FlashPROM.dir/Users/desktop/.pico-sdk/sdk/2.3.1/src/rp2_common/hardware_sync_spin_lock/sync_spin_lock.c.o
[  5%] Building C object lib/lwip-port/CMakeFiles/lwip-port.dir/Users/desktop/.pico-sdk/sdk/2.3.1/src/rp2_common/pico_platform_common/common.c.o
[  5%] Building C object lib/SNESpad/CMakeFiles/SNESpad.dir/Users/desktop/.pico-sdk/sdk/2.3.1/src/rp2_common/pico_platform_panic/panic.c.o
[  5%] Building C object lib/NeoPico/CMakeFiles/NeoPico.dir/Users/desktop/.pico-sdk/sdk/2.3.1/src/rp2_common/hardware_sync_spin_lock/sync_spin_lock.c.o
[  5%] Building ASM object lib/SNESpad/CMakeFiles/SNESpad.dir/Users/desktop/.pico-sdk/sdk/2.3.1/src/rp2_common/pico_platform_panic/custom_panic_function.S.o
[  5%] Building C object lib/PicoPeripherals/CMakeFiles/PicoPeripherals.dir/Users/desktop/.pico-sdk/sdk/2.3.1/src/rp2040/pico_platform/platform.c.o
[  5%] Building C object lib/PicoPeripherals/CMakeFiles/PicoPeripherals.dir/Users/desktop/.pico-sdk/sdk/2.3.1/src/rp2_common/pico_platform_common/common.c.o
[  5%] Building C object lib/FlashPROM/CMakeFiles/FlashPROM.dir/Users/desktop/.pico-sdk/sdk/2.3.1/src/rp2_common/hardware_irq/irq.c.o
[  5%] Building C object lib/lwip-port/CMakeFiles/lwip-port.dir/Users/desktop/.pico-sdk/sdk/2.3.1/src/rp2_common/pico_platform_panic/panic.c.o
[  5%] Building C object lib/NeoPico/CMakeFiles/NeoPico.dir/Users/desktop/.pico-sdk/sdk/2.3.1/src/rp2_common/hardware_irq/irq.c.o
[  5%] Building C object lib/PicoPeripherals/CMakeFiles/PicoPeripherals.dir/Users/desktop/.pico-sdk/sdk/2.3.1/src/rp2_common/pico_platform_panic/panic.c.o
[  5%] Building ASM object lib/lwip-port/CMakeFiles/lwip-port.dir/Users/desktop/.pico-sdk/sdk/2.3.1/src/rp2_common/pico_platform_panic/custom_panic_function.S.o
[  5%] Building C object lib/SNESpad/CMakeFiles/SNESpad.dir/Users/desktop/.pico-sdk/sdk/2.3.1/src/common/hardware_claim/claim.c.o
[  5%] Building C object lib/SNESpad/CMakeFiles/SNESpad.dir/Users/desktop/.pico-sdk/sdk/2.3.1/src/rp2_common/hardware_sync/sync.c.o
[  5%] Building ASM object lib/NeoPico/CMakeFiles/NeoPico.dir/Users/desktop/.pico-sdk/sdk/2.3.1/src/rp2_common/hardware_irq/irq_handler_chain.S.o
[  5%] Building ASM object lib/PicoPeripherals/CMakeFiles/PicoPeripherals.dir/Users/desktop/.pico-sdk/sdk/2.3.1/src/rp2_common/pico_platform_panic/custom_panic_function.S.o
[  5%] Building ASM object lib/FlashPROM/CMakeFiles/FlashPROM.dir/Users/desktop/.pico-sdk/sdk/2.3.1/src/rp2_common/hardware_irq/irq_handler_chain.S.o
[  5%] Building C object lib/lwip-port/CMakeFiles/lwip-port.dir/Users/desktop/.pico-sdk/sdk/2.3.1/src/common/hardware_claim/claim.c.o
[  5%] Building C object lib/SNESpad/CMakeFiles/SNESpad.dir/Users/desktop/.pico-sdk/sdk/2.3.1/src/rp2_common/hardware_sync_spin_lock/sync_spin_lock.c.o
[  5%] Building C object lib/NeoPico/CMakeFiles/NeoPico.dir/Users/desktop/.pico-sdk/sdk/2.3.1/src/common/pico_sync/sem.c.o
[  5%] Building C object lib/SNESpad/CMakeFiles/SNESpad.dir/Users/desktop/.pico-sdk/sdk/2.3.1/src/rp2_common/hardware_irq/irq.c.o
[  5%] Building C object lib/FlashPROM/CMakeFiles/FlashPROM.dir/Users/desktop/.pico-sdk/sdk/2.3.1/src/common/pico_sync/sem.c.o
[  5%] Building C object lib/PicoPeripherals/CMakeFiles/PicoPeripherals.dir/Users/desktop/.pico-sdk/sdk/2.3.1/src/common/hardware_claim/claim.c.o
[  5%] Building C object lib/FlashPROM/CMakeFiles/FlashPROM.dir/Users/desktop/.pico-sdk/sdk/2.3.1/src/common/pico_sync/lock_core.c.o
[  5%] Building C object lib/PicoPeripherals/CMakeFiles/PicoPeripherals.dir/Users/desktop/.pico-sdk/sdk/2.3.1/src/rp2_common/hardware_sync/sync.c.o
[  5%] Building C object lib/lwip-port/CMakeFiles/lwip-port.dir/Users/desktop/.pico-sdk/sdk/2.3.1/src/rp2_common/hardware_sync/sync.c.o
[  5%] Building C object lib/NeoPico/CMakeFiles/NeoPico.dir/Users/desktop/.pico-sdk/sdk/2.3.1/src/common/pico_sync/lock_core.c.o
[  5%] Building ASM object lib/SNESpad/CMakeFiles/SNESpad.dir/Users/desktop/.pico-sdk/sdk/2.3.1/src/rp2_common/hardware_irq/irq_handler_chain.S.o
[  5%] Building C object lib/PicoPeripherals/CMakeFiles/PicoPeripherals.dir/Users/desktop/.pico-sdk/sdk/2.3.1/src/rp2_common/hardware_sync_spin_lock/sync_spin_lock.c.o
[  6%] Building C object lib/lwip-port/CMakeFiles/lwip-port.dir/Users/desktop/.pico-sdk/sdk/2.3.1/src/rp2_common/hardware_sync_spin_lock/sync_spin_lock.c.o
[  6%] Building C object lib/FlashPROM/CMakeFiles/FlashPROM.dir/Users/desktop/.pico-sdk/sdk/2.3.1/src/common/pico_sync/mutex.c.o
[  6%] Building C object lib/SNESpad/CMakeFiles/SNESpad.dir/Users/desktop/.pico-sdk/sdk/2.3.1/src/common/pico_sync/sem.c.o
[  6%] Building C object lib/lwip-port/CMakeFiles/lwip-port.dir/Users/desktop/.pico-sdk/sdk/2.3.1/src/rp2_common/hardware_irq/irq.c.o
[  6%] Building C object lib/SNESpad/CMakeFiles/SNESpad.dir/Users/desktop/.pico-sdk/sdk/2.3.1/src/common/pico_sync/lock_core.c.o
[  6%] Building C object lib/NeoPico/CMakeFiles/NeoPico.dir/Users/desktop/.pico-sdk/sdk/2.3.1/src/common/pico_sync/mutex.c.o
[  6%] Building C object lib/FlashPROM/CMakeFiles/FlashPROM.dir/Users/desktop/.pico-sdk/sdk/2.3.1/src/common/pico_sync/critical_section.c.o
[  6%] Building C object lib/PicoPeripherals/CMakeFiles/PicoPeripherals.dir/Users/desktop/.pico-sdk/sdk/2.3.1/src/rp2_common/hardware_irq/irq.c.o
[  6%] Building C object lib/FlashPROM/CMakeFiles/FlashPROM.dir/Users/desktop/.pico-sdk/sdk/2.3.1/src/common/pico_time/time.c.o
[  6%] Building ASM object lib/lwip-port/CMakeFiles/lwip-port.dir/Users/desktop/.pico-sdk/sdk/2.3.1/src/rp2_common/hardware_irq/irq_handler_chain.S.o
[  6%] Building C object lib/NeoPico/CMakeFiles/NeoPico.dir/Users/desktop/.pico-sdk/sdk/2.3.1/src/common/pico_sync/critical_section.c.o
[  6%] Building C object lib/SNESpad/CMakeFiles/SNESpad.dir/Users/desktop/.pico-sdk/sdk/2.3.1/src/common/pico_sync/mutex.c.o
[  6%] Building ASM object lib/PicoPeripherals/CMakeFiles/PicoPeripherals.dir/Users/desktop/.pico-sdk/sdk/2.3.1/src/rp2_common/hardware_irq/irq_handler_chain.S.o
[  6%] Building C object lib/lwip-port/CMakeFiles/lwip-port.dir/Users/desktop/.pico-sdk/sdk/2.3.1/src/common/pico_sync/sem.c.o
[  6%] Building C object lib/SNESpad/CMakeFiles/SNESpad.dir/Users/desktop/.pico-sdk/sdk/2.3.1/src/common/pico_sync/critical_section.c.o
[  6%] Building C object lib/FlashPROM/CMakeFiles/FlashPROM.dir/Users/desktop/.pico-sdk/sdk/2.3.1/src/common/pico_time/timeout_helper.c.o
[  6%] Building C object lib/NeoPico/CMakeFiles/NeoPico.dir/Users/desktop/.pico-sdk/sdk/2.3.1/src/common/pico_time/timeout_helper.c.o
[  6%] Building C object lib/NeoPico/CMakeFiles/NeoPico.dir/Users/desktop/.pico-sdk/sdk/2.3.1/src/common/pico_time/time.c.o
[  6%] Building C object lib/PicoPeripherals/CMakeFiles/PicoPeripherals.dir/Users/desktop/.pico-sdk/sdk/2.3.1/src/common/pico_sync/sem.c.o
[  6%] Building C object lib/SNESpad/CMakeFiles/SNESpad.dir/Users/desktop/.pico-sdk/sdk/2.3.1/src/common/pico_time/time.c.o
[  6%] Building C object lib/NeoPico/CMakeFiles/NeoPico.dir/Users/desktop/.pico-sdk/sdk/2.3.1/src/rp2_common/hardware_timer/timer.c.o
[  6%] Building C object lib/FlashPROM/CMakeFiles/FlashPROM.dir/Users/desktop/.pico-sdk/sdk/2.3.1/src/rp2_common/hardware_timer/timer.c.o
[  6%] Building C object lib/SNESpad/CMakeFiles/SNESpad.dir/Users/desktop/.pico-sdk/sdk/2.3.1/src/common/pico_time/timeout_helper.c.o
[  6%] Building C object lib/lwip-port/CMakeFiles/lwip-port.dir/Users/desktop/.pico-sdk/sdk/2.3.1/src/common/pico_sync/lock_core.c.o
[  6%] Building C object lib/NeoPico/CMakeFiles/NeoPico.dir/Users/desktop/.pico-sdk/sdk/2.3.1/src/common/pico_util/datetime.c.o
[  6%] Building C object lib/PicoPeripherals/CMakeFiles/PicoPeripherals.dir/Users/desktop/.pico-sdk/sdk/2.3.1/src/common/pico_sync/lock_core.c.o
[  6%] Building C object lib/lwip-port/CMakeFiles/lwip-port.dir/Users/desktop/.pico-sdk/sdk/2.3.1/src/common/pico_sync/mutex.c.o
[  6%] Building C object lib/NeoPico/CMakeFiles/NeoPico.dir/Users/desktop/.pico-sdk/sdk/2.3.1/src/common/pico_util/fixed_bitset.c.o
[  6%] Building C object lib/FlashPROM/CMakeFiles/FlashPROM.dir/Users/desktop/.pico-sdk/sdk/2.3.1/src/common/pico_util/datetime.c.o
[  6%] Building C object lib/NeoPico/CMakeFiles/NeoPico.dir/Users/desktop/.pico-sdk/sdk/2.3.1/src/common/pico_util/pheap.c.o
[  6%] Building C object lib/PicoPeripherals/CMakeFiles/PicoPeripherals.dir/Users/desktop/.pico-sdk/sdk/2.3.1/src/common/pico_sync/mutex.c.o
[  7%] Building C object lib/SNESpad/CMakeFiles/SNESpad.dir/Users/desktop/.pico-sdk/sdk/2.3.1/src/rp2_common/hardware_timer/timer.c.o
[  7%] Building C object lib/lwip-port/CMakeFiles/lwip-port.dir/Users/desktop/.pico-sdk/sdk/2.3.1/src/common/pico_sync/critical_section.c.o
[  7%] Building C object lib/FlashPROM/CMakeFiles/FlashPROM.dir/Users/desktop/.pico-sdk/sdk/2.3.1/src/common/pico_util/fixed_bitset.c.o
[  8%] Building C object lib/FlashPROM/CMakeFiles/FlashPROM.dir/Users/desktop/.pico-sdk/sdk/2.3.1/src/common/pico_util/pheap.c.o
[  8%] Building C object lib/NeoPico/CMakeFiles/NeoPico.dir/Users/desktop/.pico-sdk/sdk/2.3.1/src/common/pico_util/queue.c.o
[  9%] Building C object lib/PicoPeripherals/CMakeFiles/PicoPeripherals.dir/Users/desktop/.pico-sdk/sdk/2.3.1/src/common/pico_sync/critical_section.c.o
[ 10%] Building C object lib/NeoPico/CMakeFiles/NeoPico.dir/Users/desktop/.pico-sdk/sdk/2.3.1/src/rp2_common/hardware_uart/uart.c.o
[ 10%] Building C object lib/lwip-port/CMakeFiles/lwip-port.dir/Users/desktop/.pico-sdk/sdk/2.3.1/src/common/pico_time/time.c.o
[ 10%] Building C object lib/SNESpad/CMakeFiles/SNESpad.dir/Users/desktop/.pico-sdk/sdk/2.3.1/src/common/pico_util/datetime.c.o
[ 10%] Building C object lib/PicoPeripherals/CMakeFiles/PicoPeripherals.dir/Users/desktop/.pico-sdk/sdk/2.3.1/src/common/pico_time/time.c.o
[ 10%] Building C object lib/FlashPROM/CMakeFiles/FlashPROM.dir/Users/desktop/.pico-sdk/sdk/2.3.1/src/common/pico_util/queue.c.o
[ 10%] Building C object lib/NeoPico/CMakeFiles/NeoPico.dir/Users/desktop/.pico-sdk/sdk/2.3.1/src/rp2_common/hardware_clocks/clocks.c.o
[ 10%] Building C object lib/PicoPeripherals/CMakeFiles/PicoPeripherals.dir/Users/desktop/.pico-sdk/sdk/2.3.1/src/common/pico_time/timeout_helper.c.o
[ 10%] Building C object lib/SNESpad/CMakeFiles/SNESpad.dir/Users/desktop/.pico-sdk/sdk/2.3.1/src/common/pico_util/fixed_bitset.c.o
[ 10%] Building C object lib/NeoPico/CMakeFiles/NeoPico.dir/Users/desktop/.pico-sdk/sdk/2.3.1/src/rp2_common/hardware_pll/pll.c.o
[ 10%] Building C object lib/SNESpad/CMakeFiles/SNESpad.dir/Users/desktop/.pico-sdk/sdk/2.3.1/src/common/pico_util/pheap.c.o
[ 10%] Building C object lib/lwip-port/CMakeFiles/lwip-port.dir/Users/desktop/.pico-sdk/sdk/2.3.1/src/common/pico_time/timeout_helper.c.o
[ 10%] Building C object lib/SNESpad/CMakeFiles/SNESpad.dir/Users/desktop/.pico-sdk/sdk/2.3.1/src/common/pico_util/queue.c.o
[ 10%] Building C object lib/FlashPROM/CMakeFiles/FlashPROM.dir/Users/desktop/.pico-sdk/sdk/2.3.1/src/rp2_common/hardware_uart/uart.c.o
[ 10%] Building C object lib/NeoPico/CMakeFiles/NeoPico.dir/Users/desktop/.pico-sdk/sdk/2.3.1/src/rp2_common/hardware_vreg/vreg.c.o
[ 10%] Building C object lib/PicoPeripherals/CMakeFiles/PicoPeripherals.dir/Users/desktop/.pico-sdk/sdk/2.3.1/src/rp2_common/hardware_timer/timer.c.o
[ 10%] Building C object lib/lwip-port/CMakeFiles/lwip-port.dir/Users/desktop/.pico-sdk/sdk/2.3.1/src/rp2_common/hardware_timer/timer.c.o
[ 10%] Building C object lib/FlashPROM/CMakeFiles/FlashPROM.dir/Users/desktop/.pico-sdk/sdk/2.3.1/src/rp2_common/hardware_clocks/clocks.c.o
[ 10%] Building C object lib/PicoPeripherals/CMakeFiles/PicoPeripherals.dir/Users/desktop/.pico-sdk/sdk/2.3.1/src/common/pico_util/datetime.c.o
[ 10%] Building C object lib/NeoPico/CMakeFiles/NeoPico.dir/Users/desktop/.pico-sdk/sdk/2.3.1/src/rp2_common/hardware_watchdog/watchdog.c.o
[ 10%] Building C object lib/lwip-port/CMakeFiles/lwip-port.dir/Users/desktop/.pico-sdk/sdk/2.3.1/src/common/pico_util/datetime.c.o
[ 10%] Building C object lib/SNESpad/CMakeFiles/SNESpad.dir/Users/desktop/.pico-sdk/sdk/2.3.1/src/rp2_common/hardware_uart/uart.c.o
[ 10%] Building C object lib/SNESpad/CMakeFiles/SNESpad.dir/Users/desktop/.pico-sdk/sdk/2.3.1/src/rp2_common/hardware_clocks/clocks.c.o
[ 10%] Building C object lib/PicoPeripherals/CMakeFiles/PicoPeripherals.dir/Users/desktop/.pico-sdk/sdk/2.3.1/src/common/pico_util/fixed_bitset.c.o
[ 10%] Building C object lib/FlashPROM/CMakeFiles/FlashPROM.dir/Users/desktop/.pico-sdk/sdk/2.3.1/src/rp2_common/hardware_pll/pll.c.o
[ 10%] Building C object lib/lwip-port/CMakeFiles/lwip-port.dir/Users/desktop/.pico-sdk/sdk/2.3.1/src/common/pico_util/fixed_bitset.c.o
[ 10%] Building C object lib/FlashPROM/CMakeFiles/FlashPROM.dir/Users/desktop/.pico-sdk/sdk/2.3.1/src/rp2_common/hardware_vreg/vreg.c.o
[ 10%] Building C object lib/NeoPico/CMakeFiles/NeoPico.dir/Users/desktop/.pico-sdk/sdk/2.3.1/src/rp2_common/hardware_ticks/ticks.c.o
[ 10%] Building C object lib/SNESpad/CMakeFiles/SNESpad.dir/Users/desktop/.pico-sdk/sdk/2.3.1/src/rp2_common/hardware_pll/pll.c.o
[ 10%] Building C object lib/PicoPeripherals/CMakeFiles/PicoPeripherals.dir/Users/desktop/.pico-sdk/sdk/2.3.1/src/common/pico_util/queue.c.o
[ 10%] Building C object lib/PicoPeripherals/CMakeFiles/PicoPeripherals.dir/Users/desktop/.pico-sdk/sdk/2.3.1/src/common/pico_util/pheap.c.o
[ 10%] Building C object lib/lwip-port/CMakeFiles/lwip-port.dir/Users/desktop/.pico-sdk/sdk/2.3.1/src/common/pico_util/pheap.c.o
[ 10%] Building C object lib/lwip-port/CMakeFiles/lwip-port.dir/Users/desktop/.pico-sdk/sdk/2.3.1/src/common/pico_util/queue.c.o
[ 10%] Building C object lib/FlashPROM/CMakeFiles/FlashPROM.dir/Users/desktop/.pico-sdk/sdk/2.3.1/src/rp2_common/hardware_watchdog/watchdog.c.o
[ 10%] Building C object lib/NeoPico/CMakeFiles/NeoPico.dir/Users/desktop/.pico-sdk/sdk/2.3.1/src/rp2_common/pico_bootrom/bootrom.c.o
[ 10%] Building C object lib/SNESpad/CMakeFiles/SNESpad.dir/Users/desktop/.pico-sdk/sdk/2.3.1/src/rp2_common/hardware_vreg/vreg.c.o
[ 10%] Building C object lib/PicoPeripherals/CMakeFiles/PicoPeripherals.dir/Users/desktop/.pico-sdk/sdk/2.3.1/src/rp2_common/hardware_uart/uart.c.o
[ 10%] Building C object lib/PicoPeripherals/CMakeFiles/PicoPeripherals.dir/Users/desktop/.pico-sdk/sdk/2.3.1/src/rp2_common/hardware_clocks/clocks.c.o
[ 10%] Building C object lib/SNESpad/CMakeFiles/SNESpad.dir/Users/desktop/.pico-sdk/sdk/2.3.1/src/rp2_common/hardware_watchdog/watchdog.c.o
[ 10%] Building C object lib/PicoPeripherals/CMakeFiles/PicoPeripherals.dir/Users/desktop/.pico-sdk/sdk/2.3.1/src/rp2_common/hardware_pll/pll.c.o
[ 10%] Building C object lib/FlashPROM/CMakeFiles/FlashPROM.dir/Users/desktop/.pico-sdk/sdk/2.3.1/src/rp2_common/hardware_ticks/ticks.c.o
[ 10%] Building C object lib/lwip-port/CMakeFiles/lwip-port.dir/Users/desktop/.pico-sdk/sdk/2.3.1/src/rp2_common/hardware_uart/uart.c.o
[ 10%] Building C object lib/NeoPico/CMakeFiles/NeoPico.dir/Users/desktop/.pico-sdk/sdk/2.3.1/src/rp2_common/pico_bootrom/bootrom_lock.c.o
[ 10%] Building C object lib/PicoPeripherals/CMakeFiles/PicoPeripherals.dir/Users/desktop/.pico-sdk/sdk/2.3.1/src/rp2_common/hardware_vreg/vreg.c.o
[ 11%] Building C object lib/lwip-port/CMakeFiles/lwip-port.dir/Users/desktop/.pico-sdk/sdk/2.3.1/src/rp2_common/hardware_clocks/clocks.c.o
[ 11%] Building C object lib/SNESpad/CMakeFiles/SNESpad.dir/Users/desktop/.pico-sdk/sdk/2.3.1/src/rp2_common/hardware_ticks/ticks.c.o
[ 11%] Building C object lib/FlashPROM/CMakeFiles/FlashPROM.dir/Users/desktop/.pico-sdk/sdk/2.3.1/src/rp2_common/pico_bootrom/bootrom.c.o
[ 11%] Building C object lib/FlashPROM/CMakeFiles/FlashPROM.dir/Users/desktop/.pico-sdk/sdk/2.3.1/src/rp2_common/pico_bootrom/bootrom_lock.c.o
[ 11%] Building C object lib/NeoPico/CMakeFiles/NeoPico.dir/Users/desktop/.pico-sdk/sdk/2.3.1/src/rp2_common/hardware_boot_lock/boot_lock.c.o
[ 11%] Building C object lib/lwip-port/CMakeFiles/lwip-port.dir/Users/desktop/.pico-sdk/sdk/2.3.1/src/rp2_common/hardware_pll/pll.c.o
[ 11%] Building C object lib/PicoPeripherals/CMakeFiles/PicoPeripherals.dir/Users/desktop/.pico-sdk/sdk/2.3.1/src/rp2_common/hardware_watchdog/watchdog.c.o
[ 11%] Building C object lib/SNESpad/CMakeFiles/SNESpad.dir/Users/desktop/.pico-sdk/sdk/2.3.1/src/rp2_common/pico_bootrom/bootrom.c.o
[ 11%] Building C object lib/FlashPROM/CMakeFiles/FlashPROM.dir/Users/desktop/.pico-sdk/sdk/2.3.1/src/rp2_common/hardware_boot_lock/boot_lock.c.o
[ 11%] Building C object lib/lwip-port/CMakeFiles/lwip-port.dir/Users/desktop/.pico-sdk/sdk/2.3.1/src/rp2_common/hardware_vreg/vreg.c.o
[ 11%] Building C object lib/NeoPico/CMakeFiles/NeoPico.dir/Users/desktop/.pico-sdk/sdk/2.3.1/src/rp2_common/pico_flash/flash.c.o
[ 11%] Building C object lib/SNESpad/CMakeFiles/SNESpad.dir/Users/desktop/.pico-sdk/sdk/2.3.1/src/rp2_common/pico_bootrom/bootrom_lock.c.o
[ 11%] Building C object lib/lwip-port/CMakeFiles/lwip-port.dir/Users/desktop/.pico-sdk/sdk/2.3.1/src/rp2_common/hardware_watchdog/watchdog.c.o
[ 11%] Building C object lib/PicoPeripherals/CMakeFiles/PicoPeripherals.dir/Users/desktop/.pico-sdk/sdk/2.3.1/src/rp2_common/hardware_ticks/ticks.c.o
[ 11%] Building C object lib/FlashPROM/CMakeFiles/FlashPROM.dir/Users/desktop/.pico-sdk/sdk/2.3.1/src/rp2_common/pico_flash/flash.c.o
[ 11%] Building C object lib/lwip-port/CMakeFiles/lwip-port.dir/Users/desktop/.pico-sdk/sdk/2.3.1/src/rp2_common/hardware_ticks/ticks.c.o
[ 11%] Building C object lib/FlashPROM/CMakeFiles/FlashPROM.dir/Users/desktop/.pico-sdk/sdk/2.3.1/src/rp2_common/hardware_xosc/xosc.c.o
[ 11%] Building C object lib/NeoPico/CMakeFiles/NeoPico.dir/Users/desktop/.pico-sdk/sdk/2.3.1/src/rp2_common/hardware_xosc/xosc.c.o
[ 11%] Building C object lib/SNESpad/CMakeFiles/SNESpad.dir/Users/desktop/.pico-sdk/sdk/2.3.1/src/rp2_common/hardware_boot_lock/boot_lock.c.o
[ 11%] Building C object lib/PicoPeripherals/CMakeFiles/PicoPeripherals.dir/Users/desktop/.pico-sdk/sdk/2.3.1/src/rp2_common/pico_bootrom/bootrom.c.o
[ 11%] Building ASM object lib/NeoPico/CMakeFiles/NeoPico.dir/Users/desktop/.pico-sdk/sdk/2.3.1/src/rp2_common/hardware_divider/divider.S.o
[ 11%] Building ASM object lib/FlashPROM/CMakeFiles/FlashPROM.dir/Users/desktop/.pico-sdk/sdk/2.3.1/src/rp2_common/hardware_divider/divider.S.o
[ 11%] Building C object lib/lwip-port/CMakeFiles/lwip-port.dir/Users/desktop/.pico-sdk/sdk/2.3.1/src/rp2_common/pico_bootrom/bootrom.c.o
[ 11%] Building C object lib/PicoPeripherals/CMakeFiles/PicoPeripherals.dir/Users/desktop/.pico-sdk/sdk/2.3.1/src/rp2_common/pico_bootrom/bootrom_lock.c.o
[ 11%] Building C object lib/FlashPROM/CMakeFiles/FlashPROM.dir/Users/desktop/.pico-sdk/sdk/2.3.1/src/rp2_common/pico_runtime/runtime.c.o
[ 11%] Building C object lib/NeoPico/CMakeFiles/NeoPico.dir/Users/desktop/.pico-sdk/sdk/2.3.1/src/rp2_common/pico_runtime/runtime.c.o
[ 11%] Building C object lib/SNESpad/CMakeFiles/SNESpad.dir/Users/desktop/.pico-sdk/sdk/2.3.1/src/rp2_common/pico_flash/flash.c.o
[ 12%] Building C object lib/FlashPROM/CMakeFiles/FlashPROM.dir/Users/desktop/.pico-sdk/sdk/2.3.1/src/rp2_common/pico_runtime_init/runtime_init.c.o
[ 12%] Building C object lib/lwip-port/CMakeFiles/lwip-port.dir/Users/desktop/.pico-sdk/sdk/2.3.1/src/rp2_common/pico_bootrom/bootrom_lock.c.o
[ 12%] Building C object lib/FlashPROM/CMakeFiles/FlashPROM.dir/Users/desktop/.pico-sdk/sdk/2.3.1/src/rp2_common/pico_runtime_init/runtime_init_clocks.c.o
[ 13%] Building C object lib/PicoPeripherals/CMakeFiles/PicoPeripherals.dir/Users/desktop/.pico-sdk/sdk/2.3.1/src/rp2_common/hardware_boot_lock/boot_lock.c.o
[ 13%] Building C object lib/PicoPeripherals/CMakeFiles/PicoPeripherals.dir/Users/desktop/.pico-sdk/sdk/2.3.1/src/rp2_common/pico_flash/flash.c.o
[ 13%] Building C object lib/NeoPico/CMakeFiles/NeoPico.dir/Users/desktop/.pico-sdk/sdk/2.3.1/src/rp2_common/pico_runtime_init/runtime_init.c.o
[ 13%] Building C object lib/lwip-port/CMakeFiles/lwip-port.dir/Users/desktop/.pico-sdk/sdk/2.3.1/src/rp2_common/hardware_boot_lock/boot_lock.c.o
[ 14%] Building C object lib/SNESpad/CMakeFiles/SNESpad.dir/Users/desktop/.pico-sdk/sdk/2.3.1/src/rp2_common/hardware_xosc/xosc.c.o
[ 14%] Building C object lib/lwip-port/CMakeFiles/lwip-port.dir/Users/desktop/.pico-sdk/sdk/2.3.1/src/rp2_common/pico_flash/flash.c.o
[ 14%] Building C object lib/NeoPico/CMakeFiles/NeoPico.dir/Users/desktop/.pico-sdk/sdk/2.3.1/src/rp2_common/pico_runtime_init/runtime_init_clocks.c.o
[ 14%] Building C object lib/FlashPROM/CMakeFiles/FlashPROM.dir/Users/desktop/.pico-sdk/sdk/2.3.1/src/rp2_common/pico_runtime_init/runtime_init_stack_guard.c.o
[ 14%] Building ASM object lib/SNESpad/CMakeFiles/SNESpad.dir/Users/desktop/.pico-sdk/sdk/2.3.1/src/rp2_common/hardware_divider/divider.S.o
[ 14%] Building C object lib/PicoPeripherals/CMakeFiles/PicoPeripherals.dir/Users/desktop/.pico-sdk/sdk/2.3.1/src/rp2_common/hardware_xosc/xosc.c.o
[ 15%] Building C object lib/NeoPico/CMakeFiles/NeoPico.dir/Users/desktop/.pico-sdk/sdk/2.3.1/src/rp2_common/pico_runtime_init/runtime_init_stack_guard.c.o
[ 15%] Building ASM object lib/PicoPeripherals/CMakeFiles/PicoPeripherals.dir/Users/desktop/.pico-sdk/sdk/2.3.1/src/rp2_common/hardware_divider/divider.S.o
[ 15%] Building C object lib/SNESpad/CMakeFiles/SNESpad.dir/Users/desktop/.pico-sdk/sdk/2.3.1/src/rp2_common/pico_runtime/runtime.c.o
[ 15%] Building C object lib/lwip-port/CMakeFiles/lwip-port.dir/Users/desktop/.pico-sdk/sdk/2.3.1/src/rp2_common/hardware_xosc/xosc.c.o
[ 15%] Building ASM object lib/lwip-port/CMakeFiles/lwip-port.dir/Users/desktop/.pico-sdk/sdk/2.3.1/src/rp2_common/hardware_divider/divider.S.o
[ 15%] Building C object lib/SNESpad/CMakeFiles/SNESpad.dir/Users/desktop/.pico-sdk/sdk/2.3.1/src/rp2_common/pico_runtime_init/runtime_init.c.o
[ 15%] Building ASM object lib/FlashPROM/CMakeFiles/FlashPROM.dir/Users/desktop/.pico-sdk/sdk/2.3.1/src/rp2_common/pico_bit_ops/bit_ops_aeabi.S.o
[ 15%] Building C object lib/FlashPROM/CMakeFiles/FlashPROM.dir/Users/desktop/.pico-sdk/sdk/2.3.1/src/rp2_common/hardware_rtc/rtc.c.o
[ 15%] Building C object lib/PicoPeripherals/CMakeFiles/PicoPeripherals.dir/Users/desktop/.pico-sdk/sdk/2.3.1/src/rp2_common/pico_runtime/runtime.c.o
[ 15%] Building C object lib/NeoPico/CMakeFiles/NeoPico.dir/Users/desktop/.pico-sdk/sdk/2.3.1/src/rp2_common/hardware_rtc/rtc.c.o
[ 15%] Building ASM object lib/NeoPico/CMakeFiles/NeoPico.dir/Users/desktop/.pico-sdk/sdk/2.3.1/src/rp2_common/pico_bit_ops/bit_ops_aeabi.S.o
[ 15%] Building C object lib/lwip-port/CMakeFiles/lwip-port.dir/Users/desktop/.pico-sdk/sdk/2.3.1/src/rp2_common/pico_runtime/runtime.c.o
[ 15%] Building C object lib/SNESpad/CMakeFiles/SNESpad.dir/Users/desktop/.pico-sdk/sdk/2.3.1/src/rp2_common/pico_runtime_init/runtime_init_clocks.c.o
[ 15%] Building C object lib/PicoPeripherals/CMakeFiles/PicoPeripherals.dir/Users/desktop/.pico-sdk/sdk/2.3.1/src/rp2_common/pico_runtime_init/runtime_init.c.o
[ 15%] Building C object lib/SNESpad/CMakeFiles/SNESpad.dir/Users/desktop/.pico-sdk/sdk/2.3.1/src/rp2_common/pico_runtime_init/runtime_init_stack_guard.c.o
[ 15%] Building ASM object lib/FlashPROM/CMakeFiles/FlashPROM.dir/Users/desktop/.pico-sdk/sdk/2.3.1/src/rp2_common/pico_divider/divider_hardware.S.o
[ 15%] Building ASM object lib/FlashPROM/CMakeFiles/FlashPROM.dir/Users/desktop/.pico-sdk/sdk/2.3.1/src/rp2_common/pico_double/double_aeabi_rp2040.S.o
[ 15%] Building C object lib/PicoPeripherals/CMakeFiles/PicoPeripherals.dir/Users/desktop/.pico-sdk/sdk/2.3.1/src/rp2_common/pico_runtime_init/runtime_init_clocks.c.o
[ 15%] Building ASM object lib/NeoPico/CMakeFiles/NeoPico.dir/Users/desktop/.pico-sdk/sdk/2.3.1/src/rp2_common/pico_divider/divider_hardware.S.o
[ 15%] Building C object lib/lwip-port/CMakeFiles/lwip-port.dir/Users/desktop/.pico-sdk/sdk/2.3.1/src/rp2_common/pico_runtime_init/runtime_init.c.o
[ 15%] Building C object lib/FlashPROM/CMakeFiles/FlashPROM.dir/Users/desktop/.pico-sdk/sdk/2.3.1/src/rp2_common/pico_double/double_init_rom_rp2040.c.o
[ 15%] Building C object lib/FlashPROM/CMakeFiles/FlashPROM.dir/Users/desktop/.pico-sdk/sdk/2.3.1/src/rp2_common/pico_double/double_math.c.o
[ 15%] Building C object lib/PicoPeripherals/CMakeFiles/PicoPeripherals.dir/Users/desktop/.pico-sdk/sdk/2.3.1/src/rp2_common/pico_runtime_init/runtime_init_stack_guard.c.o
[ 15%] Building C object lib/SNESpad/CMakeFiles/SNESpad.dir/Users/desktop/.pico-sdk/sdk/2.3.1/src/rp2_common/hardware_rtc/rtc.c.o
[ 15%] Building ASM object lib/FlashPROM/CMakeFiles/FlashPROM.dir/Users/desktop/.pico-sdk/sdk/2.3.1/src/rp2_common/pico_double/double_v1_rom_shim_rp2040.S.o
[ 15%] Building ASM object lib/NeoPico/CMakeFiles/NeoPico.dir/Users/desktop/.pico-sdk/sdk/2.3.1/src/rp2_common/pico_double/double_aeabi_rp2040.S.o
[ 15%] Building C object lib/lwip-port/CMakeFiles/lwip-port.dir/Users/desktop/.pico-sdk/sdk/2.3.1/src/rp2_common/pico_runtime_init/runtime_init_clocks.c.o
[ 15%] Building C object lib/PicoPeripherals/CMakeFiles/PicoPeripherals.dir/Users/desktop/.pico-sdk/sdk/2.3.1/src/rp2_common/hardware_rtc/rtc.c.o
[ 15%] Building C object lib/lwip-port/CMakeFiles/lwip-port.dir/Users/desktop/.pico-sdk/sdk/2.3.1/src/rp2_common/pico_runtime_init/runtime_init_stack_guard.c.o
[ 15%] Building ASM object lib/SNESpad/CMakeFiles/SNESpad.dir/Users/desktop/.pico-sdk/sdk/2.3.1/src/rp2_common/pico_bit_ops/bit_ops_aeabi.S.o
[ 15%] Building ASM object lib/PicoPeripherals/CMakeFiles/PicoPeripherals.dir/Users/desktop/.pico-sdk/sdk/2.3.1/src/rp2_common/pico_bit_ops/bit_ops_aeabi.S.o
[ 15%] Building C object lib/NeoPico/CMakeFiles/NeoPico.dir/Users/desktop/.pico-sdk/sdk/2.3.1/src/rp2_common/pico_double/double_init_rom_rp2040.c.o
[ 15%] Building ASM object lib/SNESpad/CMakeFiles/SNESpad.dir/Users/desktop/.pico-sdk/sdk/2.3.1/src/rp2_common/pico_divider/divider_hardware.S.o
[ 15%] Building ASM object lib/PicoPeripherals/CMakeFiles/PicoPeripherals.dir/Users/desktop/.pico-sdk/sdk/2.3.1/src/rp2_common/pico_divider/divider_hardware.S.o
[ 15%] Building ASM object lib/FlashPROM/CMakeFiles/FlashPROM.dir/Users/desktop/.pico-sdk/sdk/2.3.1/src/rp2_common/pico_int64_ops/pico_int64_ops_aeabi.S.o
[ 16%] Building C object lib/lwip-port/CMakeFiles/lwip-port.dir/Users/desktop/.pico-sdk/sdk/2.3.1/src/rp2_common/hardware_rtc/rtc.c.o
[ 16%] Building ASM object lib/PicoPeripherals/CMakeFiles/PicoPeripherals.dir/Users/desktop/.pico-sdk/sdk/2.3.1/src/rp2_common/pico_double/double_aeabi_rp2040.S.o
[ 16%] Building ASM object lib/SNESpad/CMakeFiles/SNESpad.dir/Users/desktop/.pico-sdk/sdk/2.3.1/src/rp2_common/pico_double/double_aeabi_rp2040.S.o
[ 16%] Building C object lib/NeoPico/CMakeFiles/NeoPico.dir/Users/desktop/.pico-sdk/sdk/2.3.1/src/rp2_common/pico_double/double_math.c.o
[ 16%] Building ASM object lib/FlashPROM/CMakeFiles/FlashPROM.dir/Users/desktop/.pico-sdk/sdk/2.3.1/src/rp2_common/pico_float/float_aeabi_rp2040.S.o
[ 16%] Building ASM object lib/lwip-port/CMakeFiles/lwip-port.dir/Users/desktop/.pico-sdk/sdk/2.3.1/src/rp2_common/pico_bit_ops/bit_ops_aeabi.S.o
[ 16%] Building ASM object lib/NeoPico/CMakeFiles/NeoPico.dir/Users/desktop/.pico-sdk/sdk/2.3.1/src/rp2_common/pico_double/double_v1_rom_shim_rp2040.S.o
[ 16%] Building ASM object lib/NeoPico/CMakeFiles/NeoPico.dir/Users/desktop/.pico-sdk/sdk/2.3.1/src/rp2_common/pico_int64_ops/pico_int64_ops_aeabi.S.o
[ 16%] Building C object lib/SNESpad/CMakeFiles/SNESpad.dir/Users/desktop/.pico-sdk/sdk/2.3.1/src/rp2_common/pico_double/double_init_rom_rp2040.c.o
[ 16%] Building C object lib/PicoPeripherals/CMakeFiles/PicoPeripherals.dir/Users/desktop/.pico-sdk/sdk/2.3.1/src/rp2_common/pico_double/double_init_rom_rp2040.c.o
[ 16%] Building C object lib/FlashPROM/CMakeFiles/FlashPROM.dir/Users/desktop/.pico-sdk/sdk/2.3.1/src/rp2_common/pico_float/float_init_rom_rp2040.c.o
[ 16%] Building ASM object lib/NeoPico/CMakeFiles/NeoPico.dir/Users/desktop/.pico-sdk/sdk/2.3.1/src/rp2_common/pico_float/float_aeabi_rp2040.S.o
[ 16%] Building C object lib/NeoPico/CMakeFiles/NeoPico.dir/Users/desktop/.pico-sdk/sdk/2.3.1/src/rp2_common/pico_float/float_init_rom_rp2040.c.o
[ 16%] Building ASM object lib/lwip-port/CMakeFiles/lwip-port.dir/Users/desktop/.pico-sdk/sdk/2.3.1/src/rp2_common/pico_divider/divider_hardware.S.o
[ 16%] Building C object lib/NeoPico/CMakeFiles/NeoPico.dir/Users/desktop/.pico-sdk/sdk/2.3.1/src/rp2_common/pico_float/float_math.c.o
[ 16%] Building C object lib/SNESpad/CMakeFiles/SNESpad.dir/Users/desktop/.pico-sdk/sdk/2.3.1/src/rp2_common/pico_double/double_math.c.o
[ 16%] Building C object lib/PicoPeripherals/CMakeFiles/PicoPeripherals.dir/Users/desktop/.pico-sdk/sdk/2.3.1/src/rp2_common/pico_double/double_math.c.o
[ 16%] Building ASM object lib/PicoPeripherals/CMakeFiles/PicoPeripherals.dir/Users/desktop/.pico-sdk/sdk/2.3.1/src/rp2_common/pico_double/double_v1_rom_shim_rp2040.S.o
[ 16%] Building ASM object lib/NeoPico/CMakeFiles/NeoPico.dir/Users/desktop/.pico-sdk/sdk/2.3.1/src/rp2_common/pico_float/float_v1_rom_shim_rp2040.S.o
[ 16%] Building ASM object lib/lwip-port/CMakeFiles/lwip-port.dir/Users/desktop/.pico-sdk/sdk/2.3.1/src/rp2_common/pico_double/double_aeabi_rp2040.S.o
[ 16%] Building C object lib/FlashPROM/CMakeFiles/FlashPROM.dir/Users/desktop/.pico-sdk/sdk/2.3.1/src/rp2_common/pico_float/float_math.c.o
[ 17%] Building ASM object lib/PicoPeripherals/CMakeFiles/PicoPeripherals.dir/Users/desktop/.pico-sdk/sdk/2.3.1/src/rp2_common/pico_int64_ops/pico_int64_ops_aeabi.S.o
[ 17%] Building ASM object lib/SNESpad/CMakeFiles/SNESpad.dir/Users/desktop/.pico-sdk/sdk/2.3.1/src/rp2_common/pico_double/double_v1_rom_shim_rp2040.S.o
[ 17%] Building ASM object lib/PicoPeripherals/CMakeFiles/PicoPeripherals.dir/Users/desktop/.pico-sdk/sdk/2.3.1/src/rp2_common/pico_float/float_aeabi_rp2040.S.o
[ 17%] Building C object lib/NeoPico/CMakeFiles/NeoPico.dir/Users/desktop/.pico-sdk/sdk/2.3.1/src/rp2_common/pico_malloc/malloc.c.o
[ 17%] Building C object lib/lwip-port/CMakeFiles/lwip-port.dir/Users/desktop/.pico-sdk/sdk/2.3.1/src/rp2_common/pico_double/double_init_rom_rp2040.c.o
[ 17%] Building C object lib/PicoPeripherals/CMakeFiles/PicoPeripherals.dir/Users/desktop/.pico-sdk/sdk/2.3.1/src/rp2_common/pico_float/float_init_rom_rp2040.c.o
[ 17%] Building ASM object lib/FlashPROM/CMakeFiles/FlashPROM.dir/Users/desktop/.pico-sdk/sdk/2.3.1/src/rp2_common/pico_float/float_v1_rom_shim_rp2040.S.o
[ 17%] Building ASM object lib/NeoPico/CMakeFiles/NeoPico.dir/Users/desktop/.pico-sdk/sdk/2.3.1/src/rp2_common/pico_mem_ops/mem_ops_aeabi.S.o
[ 17%] Building ASM object lib/SNESpad/CMakeFiles/SNESpad.dir/Users/desktop/.pico-sdk/sdk/2.3.1/src/rp2_common/pico_int64_ops/pico_int64_ops_aeabi.S.o
[ 17%] Building C object lib/lwip-port/CMakeFiles/lwip-port.dir/Users/desktop/.pico-sdk/sdk/2.3.1/src/rp2_common/pico_double/double_math.c.o
[ 17%] Building C object lib/PicoPeripherals/CMakeFiles/PicoPeripherals.dir/Users/desktop/.pico-sdk/sdk/2.3.1/src/rp2_common/pico_float/float_math.c.o
[ 17%] Building ASM object lib/SNESpad/CMakeFiles/SNESpad.dir/Users/desktop/.pico-sdk/sdk/2.3.1/src/rp2_common/pico_float/float_aeabi_rp2040.S.o
[ 18%] Building C object lib/FlashPROM/CMakeFiles/FlashPROM.dir/Users/desktop/.pico-sdk/sdk/2.3.1/src/rp2_common/pico_malloc/malloc.c.o
[ 18%] Building ASM object lib/lwip-port/CMakeFiles/lwip-port.dir/Users/desktop/.pico-sdk/sdk/2.3.1/src/rp2_common/pico_double/double_v1_rom_shim_rp2040.S.o
[ 18%] Building ASM object lib/FlashPROM/CMakeFiles/FlashPROM.dir/Users/desktop/.pico-sdk/sdk/2.3.1/src/rp2_common/pico_mem_ops/mem_ops_aeabi.S.o
[ 19%] Building C object lib/NeoPico/CMakeFiles/NeoPico.dir/Users/desktop/.pico-sdk/sdk/2.3.1/src/rp2_common/pico_atomic/atomic.c.o
[ 19%] Building ASM object lib/lwip-port/CMakeFiles/lwip-port.dir/Users/desktop/.pico-sdk/sdk/2.3.1/src/rp2_common/pico_int64_ops/pico_int64_ops_aeabi.S.o
[ 20%] Building C object lib/SNESpad/CMakeFiles/SNESpad.dir/Users/desktop/.pico-sdk/sdk/2.3.1/src/rp2_common/pico_float/float_init_rom_rp2040.c.o
[ 20%] Building ASM object lib/PicoPeripherals/CMakeFiles/PicoPeripherals.dir/Users/desktop/.pico-sdk/sdk/2.3.1/src/rp2_common/pico_float/float_v1_rom_shim_rp2040.S.o
[ 20%] Building CXX object lib/NeoPico/CMakeFiles/NeoPico.dir/Users/desktop/.pico-sdk/sdk/2.3.1/src/rp2_common/pico_cxx_options/new_delete.cpp.o
[ 20%] Building C object lib/FlashPROM/CMakeFiles/FlashPROM.dir/Users/desktop/.pico-sdk/sdk/2.3.1/src/rp2_common/pico_atomic/atomic.c.o
[ 20%] Building C object lib/SNESpad/CMakeFiles/SNESpad.dir/Users/desktop/.pico-sdk/sdk/2.3.1/src/rp2_common/pico_float/float_math.c.o
[ 20%] Building C object lib/NeoPico/CMakeFiles/NeoPico.dir/Users/desktop/.pico-sdk/sdk/2.3.1/src/rp2_common/pico_standard_binary_info/standard_binary_info.c.o
[ 20%] Building C object lib/PicoPeripherals/CMakeFiles/PicoPeripherals.dir/Users/desktop/.pico-sdk/sdk/2.3.1/src/rp2_common/pico_malloc/malloc.c.o
[ 20%] Building C object lib/NeoPico/CMakeFiles/NeoPico.dir/Users/desktop/.pico-sdk/sdk/2.3.1/src/rp2_common/pico_printf/printf.c.o
[ 20%] Building ASM object lib/lwip-port/CMakeFiles/lwip-port.dir/Users/desktop/.pico-sdk/sdk/2.3.1/src/rp2_common/pico_float/float_aeabi_rp2040.S.o
[ 20%] Building CXX object lib/FlashPROM/CMakeFiles/FlashPROM.dir/Users/desktop/.pico-sdk/sdk/2.3.1/src/rp2_common/pico_cxx_options/new_delete.cpp.o
[ 20%] Building ASM object lib/NeoPico/CMakeFiles/NeoPico.dir/Users/desktop/.pico-sdk/sdk/2.3.1/src/rp2_common/pico_crt0/crt0.S.o
[ 20%] Building C object lib/NeoPico/CMakeFiles/NeoPico.dir/Users/desktop/.pico-sdk/sdk/2.3.1/src/rp2_common/pico_clib_interface/newlib_interface.c.o
[ 20%] Building C object lib/lwip-port/CMakeFiles/lwip-port.dir/Users/desktop/.pico-sdk/sdk/2.3.1/src/rp2_common/pico_float/float_init_rom_rp2040.c.o
[ 20%] Building ASM object lib/SNESpad/CMakeFiles/SNESpad.dir/Users/desktop/.pico-sdk/sdk/2.3.1/src/rp2_common/pico_float/float_v1_rom_shim_rp2040.S.o
[ 20%] Building ASM object lib/PicoPeripherals/CMakeFiles/PicoPeripherals.dir/Users/desktop/.pico-sdk/sdk/2.3.1/src/rp2_common/pico_mem_ops/mem_ops_aeabi.S.o
[ 20%] Building C object lib/FlashPROM/CMakeFiles/FlashPROM.dir/Users/desktop/.pico-sdk/sdk/2.3.1/src/rp2_common/pico_standard_binary_info/standard_binary_info.c.o
[ 20%] Building C object lib/lwip-port/CMakeFiles/lwip-port.dir/Users/desktop/.pico-sdk/sdk/2.3.1/src/rp2_common/pico_float/float_math.c.o
[ 20%] Building C object lib/SNESpad/CMakeFiles/SNESpad.dir/Users/desktop/.pico-sdk/sdk/2.3.1/src/rp2_common/pico_malloc/malloc.c.o
[ 20%] Building C object lib/NeoPico/CMakeFiles/NeoPico.dir/Users/desktop/.pico-sdk/sdk/2.3.1/src/rp2_common/pico_clib_interface/cxa_guard.c.o
[ 20%] Building C object lib/PicoPeripherals/CMakeFiles/PicoPeripherals.dir/Users/desktop/.pico-sdk/sdk/2.3.1/src/rp2_common/pico_atomic/atomic.c.o
[ 20%] Building C object lib/FlashPROM/CMakeFiles/FlashPROM.dir/Users/desktop/.pico-sdk/sdk/2.3.1/src/rp2_common/pico_printf/printf.c.o
[ 20%] Building ASM object lib/lwip-port/CMakeFiles/lwip-port.dir/Users/desktop/.pico-sdk/sdk/2.3.1/src/rp2_common/pico_float/float_v1_rom_shim_rp2040.S.o
[ 20%] Building ASM object lib/SNESpad/CMakeFiles/SNESpad.dir/Users/desktop/.pico-sdk/sdk/2.3.1/src/rp2_common/pico_mem_ops/mem_ops_aeabi.S.o
[ 20%] Building CXX object lib/PicoPeripherals/CMakeFiles/PicoPeripherals.dir/Users/desktop/.pico-sdk/sdk/2.3.1/src/rp2_common/pico_cxx_options/new_delete.cpp.o
[ 20%] Building C object lib/NeoPico/CMakeFiles/NeoPico.dir/Users/desktop/.pico-sdk/sdk/2.3.1/src/rp2_common/pico_stdio/stdio.c.o
[ 20%] Building C object lib/lwip-port/CMakeFiles/lwip-port.dir/Users/desktop/.pico-sdk/sdk/2.3.1/src/rp2_common/pico_malloc/malloc.c.o
[ 20%] Building ASM object lib/lwip-port/CMakeFiles/lwip-port.dir/Users/desktop/.pico-sdk/sdk/2.3.1/src/rp2_common/pico_mem_ops/mem_ops_aeabi.S.o
[ 20%] Building C object lib/SNESpad/CMakeFiles/SNESpad.dir/Users/desktop/.pico-sdk/sdk/2.3.1/src/rp2_common/pico_atomic/atomic.c.o
[ 20%] Building ASM object lib/FlashPROM/CMakeFiles/FlashPROM.dir/Users/desktop/.pico-sdk/sdk/2.3.1/src/rp2_common/pico_crt0/crt0.S.o
[ 20%] Building C object lib/PicoPeripherals/CMakeFiles/PicoPeripherals.dir/Users/desktop/.pico-sdk/sdk/2.3.1/src/rp2_common/pico_standard_binary_info/standard_binary_info.c.o
[ 20%] Building C object lib/PicoPeripherals/CMakeFiles/PicoPeripherals.dir/Users/desktop/.pico-sdk/sdk/2.3.1/src/rp2_common/pico_printf/printf.c.o
[ 20%] Building CXX object lib/SNESpad/CMakeFiles/SNESpad.dir/Users/desktop/.pico-sdk/sdk/2.3.1/src/rp2_common/pico_cxx_options/new_delete.cpp.o
[ 20%] Building C object lib/FlashPROM/CMakeFiles/FlashPROM.dir/Users/desktop/.pico-sdk/sdk/2.3.1/src/rp2_common/pico_clib_interface/newlib_interface.c.o
[ 20%] Building C object lib/SNESpad/CMakeFiles/SNESpad.dir/Users/desktop/.pico-sdk/sdk/2.3.1/src/rp2_common/pico_standard_binary_info/standard_binary_info.c.o
[ 20%] Building C object lib/FlashPROM/CMakeFiles/FlashPROM.dir/Users/desktop/.pico-sdk/sdk/2.3.1/src/rp2_common/pico_clib_interface/cxa_guard.c.o
[ 20%] Building C object lib/NeoPico/CMakeFiles/NeoPico.dir/Users/desktop/.pico-sdk/sdk/2.3.1/src/rp2_common/pico_stdio_uart/stdio_uart.c.o
[ 20%] Building ASM object lib/PicoPeripherals/CMakeFiles/PicoPeripherals.dir/Users/desktop/.pico-sdk/sdk/2.3.1/src/rp2_common/pico_crt0/crt0.S.o
[ 20%] Building C object lib/SNESpad/CMakeFiles/SNESpad.dir/Users/desktop/.pico-sdk/sdk/2.3.1/src/rp2_common/pico_printf/printf.c.o
[ 20%] Building C object lib/FlashPROM/CMakeFiles/FlashPROM.dir/Users/desktop/.pico-sdk/sdk/2.3.1/src/rp2_common/pico_stdio/stdio.c.o
[ 20%] Building C object lib/lwip-port/CMakeFiles/lwip-port.dir/Users/desktop/.pico-sdk/sdk/2.3.1/src/rp2_common/pico_atomic/atomic.c.o
[ 20%] Building ASM object lib/SNESpad/CMakeFiles/SNESpad.dir/Users/desktop/.pico-sdk/sdk/2.3.1/src/rp2_common/pico_crt0/crt0.S.o
[ 20%] Building C object lib/FlashPROM/CMakeFiles/FlashPROM.dir/Users/desktop/.pico-sdk/sdk/2.3.1/src/rp2_common/pico_stdio_uart/stdio_uart.c.o
[ 20%] Building C object lib/NeoPico/CMakeFiles/NeoPico.dir/Users/desktop/.pico-sdk/sdk/2.3.1/src/rp2_common/pico_thread_local/thread_local.c.o
[ 20%] Building C object lib/NeoPico/CMakeFiles/NeoPico.dir/Users/desktop/.pico-sdk/sdk/2.3.1/src/rp2_common/hardware_pio/pio.c.o
[ 20%] Building C object lib/PicoPeripherals/CMakeFiles/PicoPeripherals.dir/Users/desktop/.pico-sdk/sdk/2.3.1/src/rp2_common/pico_clib_interface/newlib_interface.c.o
[ 20%] Building C object lib/SNESpad/CMakeFiles/SNESpad.dir/Users/desktop/.pico-sdk/sdk/2.3.1/src/rp2_common/pico_clib_interface/newlib_interface.c.o
[ 21%] Building CXX object lib/lwip-port/CMakeFiles/lwip-port.dir/Users/desktop/.pico-sdk/sdk/2.3.1/src/rp2_common/pico_cxx_options/new_delete.cpp.o
[ 21%] Building C object lib/FlashPROM/CMakeFiles/FlashPROM.dir/Users/desktop/.pico-sdk/sdk/2.3.1/src/rp2_common/pico_thread_local/thread_local.c.o
[ 21%] Building C object lib/FlashPROM/CMakeFiles/FlashPROM.dir/Users/desktop/.pico-sdk/sdk/2.3.1/src/rp2_common/hardware_flash/flash.c.o
[ 21%] Building C object lib/FlashPROM/CMakeFiles/FlashPROM.dir/Users/desktop/.pico-sdk/sdk/2.3.1/src/rp2_common/pico_multicore/multicore.c.o
[ 21%] Building C object lib/PicoPeripherals/CMakeFiles/PicoPeripherals.dir/Users/desktop/.pico-sdk/sdk/2.3.1/src/rp2_common/pico_clib_interface/cxa_guard.c.o
[ 21%] Linking CXX static library libNeoPico.a
[ 21%] Building C object lib/lwip-port/CMakeFiles/lwip-port.dir/Users/desktop/.pico-sdk/sdk/2.3.1/src/rp2_common/pico_standard_binary_info/standard_binary_info.c.o
[ 21%] Building C object lib/SNESpad/CMakeFiles/SNESpad.dir/Users/desktop/.pico-sdk/sdk/2.3.1/src/rp2_common/pico_clib_interface/cxa_guard.c.o
[ 21%] Building C object lib/lwip-port/CMakeFiles/lwip-port.dir/Users/desktop/.pico-sdk/sdk/2.3.1/src/rp2_common/pico_printf/printf.c.o
[ 21%] Built target NeoPico
[ 21%] Building C object lib/SNESpad/CMakeFiles/SNESpad.dir/Users/desktop/.pico-sdk/sdk/2.3.1/src/rp2_common/pico_stdio/stdio.c.o
[ 21%] Building C object lib/FlashPROM/CMakeFiles/FlashPROM.dir/Users/desktop/.pico-sdk/sdk/2.3.1/src/rp2_common/hardware_xip_cache/xip_cache.c.o
[ 21%] Building C object lib/PicoPeripherals/CMakeFiles/PicoPeripherals.dir/Users/desktop/.pico-sdk/sdk/2.3.1/src/rp2_common/pico_stdio/stdio.c.o
[ 21%] Building C object lib/SNESpad/CMakeFiles/SNESpad.dir/Users/desktop/.pico-sdk/sdk/2.3.1/src/rp2_common/pico_stdio_uart/stdio_uart.c.o
[ 22%] Building C object lib/PicoPeripherals/CMakeFiles/PicoPeripherals.dir/Users/desktop/.pico-sdk/sdk/2.3.1/src/rp2_common/pico_stdio_uart/stdio_uart.c.o
[ 22%] Building C object lib/SNESpad/CMakeFiles/SNESpad.dir/Users/desktop/.pico-sdk/sdk/2.3.1/src/rp2_common/pico_thread_local/thread_local.c.o
[ 22%] Building ASM object lib/lwip-port/CMakeFiles/lwip-port.dir/Users/desktop/.pico-sdk/sdk/2.3.1/src/rp2_common/pico_crt0/crt0.S.o
[ 23%] Linking CXX static library libFlashPROM.a
[ 23%] Building C object lib/PicoPeripherals/CMakeFiles/PicoPeripherals.dir/Users/desktop/.pico-sdk/sdk/2.3.1/src/rp2_common/pico_thread_local/thread_local.c.o
[ 23%] Building C object lib/lwip-port/CMakeFiles/lwip-port.dir/Users/desktop/.pico-sdk/sdk/2.3.1/src/rp2_common/pico_clib_interface/newlib_interface.c.o
[ 23%] Building C object lib/PicoPeripherals/CMakeFiles/PicoPeripherals.dir/Users/desktop/.pico-sdk/sdk/2.3.1/src/rp2_common/hardware_dma/dma.c.o
[ 23%] Built target FlashPROM
[ 23%] Building C object lib/PicoPeripherals/CMakeFiles/PicoPeripherals.dir/Users/desktop/.pico-sdk/sdk/2.3.1/src/rp2_common/hardware_i2c/i2c.c.o
[ 23%] Building C object lib/lwip-port/CMakeFiles/lwip-port.dir/Users/desktop/.pico-sdk/sdk/2.3.1/src/rp2_common/pico_clib_interface/cxa_guard.c.o
[ 24%] Linking CXX static library libSNESpad.a
[ 24%] Building C object lib/lwip-port/CMakeFiles/lwip-port.dir/Users/desktop/.pico-sdk/sdk/2.3.1/src/rp2_common/pico_stdio/stdio.c.o
[ 24%] Building C object lib/PicoPeripherals/CMakeFiles/PicoPeripherals.dir/Users/desktop/.pico-sdk/sdk/2.3.1/src/rp2_common/hardware_spi/spi.c.o
[ 24%] Building C object lib/PicoPeripherals/CMakeFiles/PicoPeripherals.dir/__/pico_pio_usb/src/pio_usb.c.o
[ 24%] Building C object lib/PicoPeripherals/CMakeFiles/PicoPeripherals.dir/__/pico_pio_usb/src/pio_usb_host.c.o
[ 24%] Building C object lib/lwip-port/CMakeFiles/lwip-port.dir/Users/desktop/.pico-sdk/sdk/2.3.1/src/rp2_common/pico_stdio_uart/stdio_uart.c.o
[ 24%] Built target SNESpad
[ 24%] Building C object lib/PicoPeripherals/CMakeFiles/PicoPeripherals.dir/__/pico_pio_usb/src/pio_usb_device.c.o
[ 24%] Building C object lib/PicoPeripherals/CMakeFiles/PicoPeripherals.dir/__/pico_pio_usb/src/usb_crc.c.o
[ 24%] Building C object lib/PicoPeripherals/CMakeFiles/PicoPeripherals.dir/Users/desktop/.pico-sdk/sdk/2.3.1/src/rp2_common/hardware_pio/pio.c.o
[ 24%] Building C object lib/PicoPeripherals/CMakeFiles/PicoPeripherals.dir/Users/desktop/.pico-sdk/sdk/2.3.1/src/rp2_common/pico_multicore/multicore.c.o
[ 24%] Building C object lib/lwip-port/CMakeFiles/lwip-port.dir/Users/desktop/.pico-sdk/sdk/2.3.1/src/rp2_common/pico_thread_local/thread_local.c.o
[ 24%] Building C object lib/lwip-port/CMakeFiles/lwip-port.dir/Users/desktop/.pico-sdk/sdk/2.3.1/lib/lwip/src/core/init.c.o
[ 24%] Building C object lib/lwip-port/CMakeFiles/lwip-port.dir/Users/desktop/.pico-sdk/sdk/2.3.1/lib/lwip/src/core/def.c.o
[ 24%] Building C object lib/lwip-port/CMakeFiles/lwip-port.dir/Users/desktop/.pico-sdk/sdk/2.3.1/lib/lwip/src/core/dns.c.o
[ 24%] Building C object lib/lwip-port/CMakeFiles/lwip-port.dir/Users/desktop/.pico-sdk/sdk/2.3.1/lib/lwip/src/core/inet_chksum.c.o
[ 24%] Building C object lib/lwip-port/CMakeFiles/lwip-port.dir/Users/desktop/.pico-sdk/sdk/2.3.1/lib/lwip/src/core/ip.c.o
[ 24%] Building C object lib/lwip-port/CMakeFiles/lwip-port.dir/Users/desktop/.pico-sdk/sdk/2.3.1/lib/lwip/src/core/mem.c.o
[ 25%] Building C object lib/lwip-port/CMakeFiles/lwip-port.dir/Users/desktop/.pico-sdk/sdk/2.3.1/lib/lwip/src/core/memp.c.o
[ 25%] Building C object lib/lwip-port/CMakeFiles/lwip-port.dir/Users/desktop/.pico-sdk/sdk/2.3.1/lib/lwip/src/core/netif.c.o
[ 25%] Building C object lib/lwip-port/CMakeFiles/lwip-port.dir/Users/desktop/.pico-sdk/sdk/2.3.1/lib/lwip/src/core/pbuf.c.o
[ 25%] Linking CXX static library libPicoPeripherals.a
[ 25%] Building C object lib/lwip-port/CMakeFiles/lwip-port.dir/Users/desktop/.pico-sdk/sdk/2.3.1/lib/lwip/src/core/raw.c.o
[ 25%] Building C object lib/lwip-port/CMakeFiles/lwip-port.dir/Users/desktop/.pico-sdk/sdk/2.3.1/lib/lwip/src/core/stats.c.o
[ 25%] Built target PicoPeripherals
[ 25%] Building C object lib/lwip-port/CMakeFiles/lwip-port.dir/Users/desktop/.pico-sdk/sdk/2.3.1/lib/lwip/src/core/sys.c.o
[ 25%] Building C object lib/lwip-port/CMakeFiles/lwip-port.dir/Users/desktop/.pico-sdk/sdk/2.3.1/lib/lwip/src/core/altcp.c.o
[ 25%] Building C object lib/lwip-port/CMakeFiles/lwip-port.dir/Users/desktop/.pico-sdk/sdk/2.3.1/lib/lwip/src/core/altcp_alloc.c.o
[ 25%] Building C object lib/lwip-port/CMakeFiles/lwip-port.dir/Users/desktop/.pico-sdk/sdk/2.3.1/lib/lwip/src/core/altcp_tcp.c.o
[ 25%] Building C object lib/lwip-port/CMakeFiles/lwip-port.dir/Users/desktop/.pico-sdk/sdk/2.3.1/lib/lwip/src/core/tcp.c.o
[ 25%] Building C object lib/lwip-port/CMakeFiles/lwip-port.dir/Users/desktop/.pico-sdk/sdk/2.3.1/lib/lwip/src/core/tcp_in.c.o
[ 25%] Building C object lib/lwip-port/CMakeFiles/lwip-port.dir/Users/desktop/.pico-sdk/sdk/2.3.1/lib/lwip/src/core/tcp_out.c.o
[ 25%] Building CXX object lib/ADS1115/CMakeFiles/ADS1115.dir/ADS1115.cpp.o
[ 25%] Building C object lib/lwip-port/CMakeFiles/lwip-port.dir/Users/desktop/.pico-sdk/sdk/2.3.1/lib/lwip/src/core/timeouts.c.o
[ 25%] Building CXX object lib/ADS1219/CMakeFiles/ADS1219.dir/ADS1219.cpp.o
[ 25%] Building CXX object lib/ADS1256/CMakeFiles/ADS1256.dir/ADS1256.cpp.o
[ 25%] Building CXX object lib/WiiExtension/CMakeFiles/WiiExtension.dir/WiiExtension.cpp.o
[ 25%] Building C object lib/lwip-port/CMakeFiles/lwip-port.dir/Users/desktop/.pico-sdk/sdk/2.3.1/lib/lwip/src/core/udp.c.o
[ 25%] Building C object lib/lwip-port/CMakeFiles/lwip-port.dir/Users/desktop/.pico-sdk/sdk/2.3.1/lib/lwip/src/core/ipv4/autoip.c.o
[ 25%] Building C object lib/ADS1115/CMakeFiles/ADS1115.dir/Users/desktop/.pico-sdk/sdk/2.3.1/src/rp2_common/pico_stdlib/stdlib.c.o
[ 25%] Building CXX object lib/WiiExtension/CMakeFiles/WiiExtension.dir/extensions/ExtensionBase.cpp.o
[ 25%] Building C object lib/ADS1256/CMakeFiles/ADS1256.dir/Users/desktop/.pico-sdk/sdk/2.3.1/src/rp2_common/pico_stdlib/stdlib.c.o
[ 25%] Building C object lib/ADS1219/CMakeFiles/ADS1219.dir/Users/desktop/.pico-sdk/sdk/2.3.1/src/rp2_common/pico_stdlib/stdlib.c.o
[ 25%] Building CXX object lib/WiiExtension/CMakeFiles/WiiExtension.dir/extensions/ClassicExtension.cpp.o
[ 25%] Building C object lib/ADS1115/CMakeFiles/ADS1115.dir/Users/desktop/.pico-sdk/sdk/2.3.1/src/rp2_common/hardware_gpio/gpio.c.o
[ 25%] Building C object lib/ADS1256/CMakeFiles/ADS1256.dir/Users/desktop/.pico-sdk/sdk/2.3.1/src/rp2_common/hardware_gpio/gpio.c.o
[ 25%] Building C object lib/ADS1256/CMakeFiles/ADS1256.dir/Users/desktop/.pico-sdk/sdk/2.3.1/src/rp2040/pico_platform/platform.c.o
[ 25%] Building C object lib/ADS1256/CMakeFiles/ADS1256.dir/Users/desktop/.pico-sdk/sdk/2.3.1/src/rp2_common/pico_platform_common/common.c.o
[ 26%] Building C object lib/ADS1219/CMakeFiles/ADS1219.dir/Users/desktop/.pico-sdk/sdk/2.3.1/src/rp2_common/hardware_gpio/gpio.c.o
[ 27%] Building C object lib/lwip-port/CMakeFiles/lwip-port.dir/Users/desktop/.pico-sdk/sdk/2.3.1/lib/lwip/src/core/ipv4/dhcp.c.o
[ 28%] Building C object lib/ADS1256/CMakeFiles/ADS1256.dir/Users/desktop/.pico-sdk/sdk/2.3.1/src/rp2_common/pico_platform_panic/panic.c.o
[ 28%] Building ASM object lib/ADS1256/CMakeFiles/ADS1256.dir/Users/desktop/.pico-sdk/sdk/2.3.1/src/rp2_common/pico_platform_panic/custom_panic_function.S.o
[ 28%] Building C object lib/ADS1115/CMakeFiles/ADS1115.dir/Users/desktop/.pico-sdk/sdk/2.3.1/src/rp2040/pico_platform/platform.c.o
[ 28%] Building CXX object lib/WiiExtension/CMakeFiles/WiiExtension.dir/extensions/DrumExtension.cpp.o
[ 28%] Building C object lib/ADS1256/CMakeFiles/ADS1256.dir/Users/desktop/.pico-sdk/sdk/2.3.1/src/common/hardware_claim/claim.c.o
[ 28%] Building C object lib/lwip-port/CMakeFiles/lwip-port.dir/Users/desktop/.pico-sdk/sdk/2.3.1/lib/lwip/src/core/ipv4/etharp.c.o
[ 28%] Building C object lib/ADS1219/CMakeFiles/ADS1219.dir/Users/desktop/.pico-sdk/sdk/2.3.1/src/rp2040/pico_platform/platform.c.o
[ 28%] Building CXX object lib/WiiExtension/CMakeFiles/WiiExtension.dir/extensions/GuitarExtension.cpp.o
[ 28%] Building C object lib/ADS1115/CMakeFiles/ADS1115.dir/Users/desktop/.pico-sdk/sdk/2.3.1/src/rp2_common/pico_platform_common/common.c.o
[ 28%] Building C object lib/lwip-port/CMakeFiles/lwip-port.dir/Users/desktop/.pico-sdk/sdk/2.3.1/lib/lwip/src/core/ipv4/icmp.c.o
[ 28%] Building C object lib/ADS1256/CMakeFiles/ADS1256.dir/Users/desktop/.pico-sdk/sdk/2.3.1/src/rp2_common/hardware_sync/sync.c.o
[ 28%] Building CXX object lib/WiiExtension/CMakeFiles/WiiExtension.dir/extensions/MotionPlusExtension.cpp.o
[ 28%] Building C object lib/ADS1219/CMakeFiles/ADS1219.dir/Users/desktop/.pico-sdk/sdk/2.3.1/src/rp2_common/pico_platform_common/common.c.o
[ 28%] Building C object lib/ADS1115/CMakeFiles/ADS1115.dir/Users/desktop/.pico-sdk/sdk/2.3.1/src/rp2_common/pico_platform_panic/panic.c.o
[ 28%] Building C object lib/ADS1256/CMakeFiles/ADS1256.dir/Users/desktop/.pico-sdk/sdk/2.3.1/src/rp2_common/hardware_sync_spin_lock/sync_spin_lock.c.o
[ 28%] Building C object lib/ADS1219/CMakeFiles/ADS1219.dir/Users/desktop/.pico-sdk/sdk/2.3.1/src/rp2_common/pico_platform_panic/panic.c.o
[ 28%] Building CXX object lib/WiiExtension/CMakeFiles/WiiExtension.dir/extensions/NunchuckExtension.cpp.o
[ 28%] Building C object lib/ADS1256/CMakeFiles/ADS1256.dir/Users/desktop/.pico-sdk/sdk/2.3.1/src/rp2_common/hardware_irq/irq.c.o
[ 28%] Building ASM object lib/ADS1115/CMakeFiles/ADS1115.dir/Users/desktop/.pico-sdk/sdk/2.3.1/src/rp2_common/pico_platform_panic/custom_panic_function.S.o
[ 28%] Building ASM object lib/ADS1219/CMakeFiles/ADS1219.dir/Users/desktop/.pico-sdk/sdk/2.3.1/src/rp2_common/pico_platform_panic/custom_panic_function.S.o
[ 28%] Building C object lib/lwip-port/CMakeFiles/lwip-port.dir/Users/desktop/.pico-sdk/sdk/2.3.1/lib/lwip/src/core/ipv4/igmp.c.o
[ 28%] Building CXX object lib/WiiExtension/CMakeFiles/WiiExtension.dir/extensions/TaikoExtension.cpp.o
[ 28%] Building C object lib/ADS1115/CMakeFiles/ADS1115.dir/Users/desktop/.pico-sdk/sdk/2.3.1/src/common/hardware_claim/claim.c.o
[ 28%] Building C object lib/ADS1219/CMakeFiles/ADS1219.dir/Users/desktop/.pico-sdk/sdk/2.3.1/src/common/hardware_claim/claim.c.o
[ 28%] Building ASM object lib/ADS1256/CMakeFiles/ADS1256.dir/Users/desktop/.pico-sdk/sdk/2.3.1/src/rp2_common/hardware_irq/irq_handler_chain.S.o
[ 28%] Building CXX object lib/WiiExtension/CMakeFiles/WiiExtension.dir/extensions/TurntableExtension.cpp.o
[ 28%] Building C object lib/ADS1256/CMakeFiles/ADS1256.dir/Users/desktop/.pico-sdk/sdk/2.3.1/src/common/pico_sync/sem.c.o
[ 28%] Building C object lib/ADS1256/CMakeFiles/ADS1256.dir/Users/desktop/.pico-sdk/sdk/2.3.1/src/common/pico_sync/lock_core.c.o
[ 28%] Building C object lib/ADS1115/CMakeFiles/ADS1115.dir/Users/desktop/.pico-sdk/sdk/2.3.1/src/rp2_common/hardware_sync/sync.c.o
[ 28%] Building C object lib/ADS1219/CMakeFiles/ADS1219.dir/Users/desktop/.pico-sdk/sdk/2.3.1/src/rp2_common/hardware_sync/sync.c.o
[ 28%] Building CXX object lib/WiiExtension/CMakeFiles/WiiExtension.dir/extensions/UDrawExtension.cpp.o
[ 28%] Building C object lib/lwip-port/CMakeFiles/lwip-port.dir/Users/desktop/.pico-sdk/sdk/2.3.1/lib/lwip/src/core/ipv4/ip4_frag.c.o
[ 28%] Building C object lib/ADS1256/CMakeFiles/ADS1256.dir/Users/desktop/.pico-sdk/sdk/2.3.1/src/common/pico_sync/mutex.c.o
[ 28%] Building C object lib/WiiExtension/CMakeFiles/WiiExtension.dir/Users/desktop/.pico-sdk/sdk/2.3.1/src/rp2_common/pico_stdlib/stdlib.c.o
[ 28%] Building C object lib/ADS1115/CMakeFiles/ADS1115.dir/Users/desktop/.pico-sdk/sdk/2.3.1/src/rp2_common/hardware_sync_spin_lock/sync_spin_lock.c.o
[ 28%] Building C object lib/ADS1219/CMakeFiles/ADS1219.dir/Users/desktop/.pico-sdk/sdk/2.3.1/src/rp2_common/hardware_sync_spin_lock/sync_spin_lock.c.o
[ 28%] Building C object lib/WiiExtension/CMakeFiles/WiiExtension.dir/Users/desktop/.pico-sdk/sdk/2.3.1/src/rp2_common/hardware_gpio/gpio.c.o
[ 28%] Building C object lib/ADS1115/CMakeFiles/ADS1115.dir/Users/desktop/.pico-sdk/sdk/2.3.1/src/rp2_common/hardware_irq/irq.c.o
[ 28%] Building C object lib/ADS1219/CMakeFiles/ADS1219.dir/Users/desktop/.pico-sdk/sdk/2.3.1/src/rp2_common/hardware_irq/irq.c.o
[ 28%] Building C object lib/lwip-port/CMakeFiles/lwip-port.dir/Users/desktop/.pico-sdk/sdk/2.3.1/lib/lwip/src/core/ipv4/ip4.c.o
[ 28%] Building C object lib/ADS1256/CMakeFiles/ADS1256.dir/Users/desktop/.pico-sdk/sdk/2.3.1/src/common/pico_sync/critical_section.c.o
[ 28%] Building ASM object lib/ADS1115/CMakeFiles/ADS1115.dir/Users/desktop/.pico-sdk/sdk/2.3.1/src/rp2_common/hardware_irq/irq_handler_chain.S.o
[ 28%] Building ASM object lib/ADS1219/CMakeFiles/ADS1219.dir/Users/desktop/.pico-sdk/sdk/2.3.1/src/rp2_common/hardware_irq/irq_handler_chain.S.o
[ 28%] Building C object lib/lwip-port/CMakeFiles/lwip-port.dir/Users/desktop/.pico-sdk/sdk/2.3.1/lib/lwip/src/core/ipv4/ip4_addr.c.o
[ 28%] Building C object lib/WiiExtension/CMakeFiles/WiiExtension.dir/Users/desktop/.pico-sdk/sdk/2.3.1/src/rp2040/pico_platform/platform.c.o
[ 28%] Building C object lib/ADS1256/CMakeFiles/ADS1256.dir/Users/desktop/.pico-sdk/sdk/2.3.1/src/common/pico_time/time.c.o
[ 28%] Building C object lib/ADS1256/CMakeFiles/ADS1256.dir/Users/desktop/.pico-sdk/sdk/2.3.1/src/common/pico_time/timeout_helper.c.o
[ 28%] Building C object lib/ADS1115/CMakeFiles/ADS1115.dir/Users/desktop/.pico-sdk/sdk/2.3.1/src/common/pico_sync/sem.c.o
[ 28%] Building C object lib/lwip-port/CMakeFiles/lwip-port.dir/Users/desktop/.pico-sdk/sdk/2.3.1/lib/lwip/src/core/ipv4/acd.c.o
[ 28%] Building C object lib/ADS1219/CMakeFiles/ADS1219.dir/Users/desktop/.pico-sdk/sdk/2.3.1/src/common/pico_sync/sem.c.o
[ 28%] Building C object lib/WiiExtension/CMakeFiles/WiiExtension.dir/Users/desktop/.pico-sdk/sdk/2.3.1/src/rp2_common/pico_platform_common/common.c.o
[ 28%] Building C object lib/lwip-port/CMakeFiles/lwip-port.dir/Users/desktop/.pico-sdk/sdk/2.3.1/lib/lwip/src/core/ipv6/dhcp6.c.o
[ 28%] Building C object lib/lwip-port/CMakeFiles/lwip-port.dir/Users/desktop/.pico-sdk/sdk/2.3.1/lib/lwip/src/core/ipv6/ethip6.c.o
[ 28%] Building C object lib/ADS1115/CMakeFiles/ADS1115.dir/Users/desktop/.pico-sdk/sdk/2.3.1/src/common/pico_sync/lock_core.c.o
[ 28%] Building C object lib/ADS1256/CMakeFiles/ADS1256.dir/Users/desktop/.pico-sdk/sdk/2.3.1/src/rp2_common/hardware_timer/timer.c.o
[ 28%] Building C object lib/WiiExtension/CMakeFiles/WiiExtension.dir/Users/desktop/.pico-sdk/sdk/2.3.1/src/rp2_common/pico_platform_panic/panic.c.o
[ 28%] Building C object lib/ADS1219/CMakeFiles/ADS1219.dir/Users/desktop/.pico-sdk/sdk/2.3.1/src/common/pico_sync/lock_core.c.o
[ 28%] Building C object lib/ADS1115/CMakeFiles/ADS1115.dir/Users/desktop/.pico-sdk/sdk/2.3.1/src/common/pico_sync/mutex.c.o
[ 28%] Building C object lib/lwip-port/CMakeFiles/lwip-port.dir/Users/desktop/.pico-sdk/sdk/2.3.1/lib/lwip/src/core/ipv6/icmp6.c.o
[ 29%] Building C object lib/ADS1115/CMakeFiles/ADS1115.dir/Users/desktop/.pico-sdk/sdk/2.3.1/src/common/pico_sync/critical_section.c.o
[ 29%] Building C object lib/ADS1256/CMakeFiles/ADS1256.dir/Users/desktop/.pico-sdk/sdk/2.3.1/src/common/pico_util/datetime.c.o
[ 29%] Building C object lib/ADS1219/CMakeFiles/ADS1219.dir/Users/desktop/.pico-sdk/sdk/2.3.1/src/common/pico_sync/mutex.c.o
[ 30%] Building ASM object lib/WiiExtension/CMakeFiles/WiiExtension.dir/Users/desktop/.pico-sdk/sdk/2.3.1/src/rp2_common/pico_platform_panic/custom_panic_function.S.o
[ 30%] Building C object lib/lwip-port/CMakeFiles/lwip-port.dir/Users/desktop/.pico-sdk/sdk/2.3.1/lib/lwip/src/core/ipv6/inet6.c.o
[ 31%] Building C object lib/ADS1256/CMakeFiles/ADS1256.dir/Users/desktop/.pico-sdk/sdk/2.3.1/src/common/pico_util/fixed_bitset.c.o
[ 31%] Building C object lib/ADS1219/CMakeFiles/ADS1219.dir/Users/desktop/.pico-sdk/sdk/2.3.1/src/common/pico_sync/critical_section.c.o
[ 31%] Building C object lib/WiiExtension/CMakeFiles/WiiExtension.dir/Users/desktop/.pico-sdk/sdk/2.3.1/src/common/hardware_claim/claim.c.o
[ 31%] Building C object lib/ADS1115/CMakeFiles/ADS1115.dir/Users/desktop/.pico-sdk/sdk/2.3.1/src/common/pico_time/time.c.o
[ 31%] Building C object lib/lwip-port/CMakeFiles/lwip-port.dir/Users/desktop/.pico-sdk/sdk/2.3.1/lib/lwip/src/core/ipv6/ip6.c.o
[ 31%] Building C object lib/ADS1256/CMakeFiles/ADS1256.dir/Users/desktop/.pico-sdk/sdk/2.3.1/src/common/pico_util/pheap.c.o
[ 31%] Building C object lib/ADS1219/CMakeFiles/ADS1219.dir/Users/desktop/.pico-sdk/sdk/2.3.1/src/common/pico_time/time.c.o
[ 31%] Building C object lib/ADS1256/CMakeFiles/ADS1256.dir/Users/desktop/.pico-sdk/sdk/2.3.1/src/common/pico_util/queue.c.o
[ 31%] Building C object lib/WiiExtension/CMakeFiles/WiiExtension.dir/Users/desktop/.pico-sdk/sdk/2.3.1/src/rp2_common/hardware_sync/sync.c.o
[ 31%] Building C object lib/ADS1115/CMakeFiles/ADS1115.dir/Users/desktop/.pico-sdk/sdk/2.3.1/src/common/pico_time/timeout_helper.c.o
[ 31%] Building C object lib/lwip-port/CMakeFiles/lwip-port.dir/Users/desktop/.pico-sdk/sdk/2.3.1/lib/lwip/src/core/ipv6/ip6_addr.c.o
[ 31%] Building C object lib/lwip-port/CMakeFiles/lwip-port.dir/Users/desktop/.pico-sdk/sdk/2.3.1/lib/lwip/src/core/ipv6/ip6_frag.c.o
[ 31%] Building C object lib/ADS1115/CMakeFiles/ADS1115.dir/Users/desktop/.pico-sdk/sdk/2.3.1/src/rp2_common/hardware_timer/timer.c.o
[ 31%] Building C object lib/ADS1256/CMakeFiles/ADS1256.dir/Users/desktop/.pico-sdk/sdk/2.3.1/src/rp2_common/hardware_uart/uart.c.o
[ 31%] Building C object lib/WiiExtension/CMakeFiles/WiiExtension.dir/Users/desktop/.pico-sdk/sdk/2.3.1/src/rp2_common/hardware_sync_spin_lock/sync_spin_lock.c.o
[ 32%] Building C object lib/ADS1219/CMakeFiles/ADS1219.dir/Users/desktop/.pico-sdk/sdk/2.3.1/src/common/pico_time/timeout_helper.c.o
[ 33%] Building C object lib/lwip-port/CMakeFiles/lwip-port.dir/Users/desktop/.pico-sdk/sdk/2.3.1/lib/lwip/src/core/ipv6/mld6.c.o
[ 33%] Building C object lib/ADS1115/CMakeFiles/ADS1115.dir/Users/desktop/.pico-sdk/sdk/2.3.1/src/common/pico_util/datetime.c.o
[ 33%] Building C object lib/ADS1219/CMakeFiles/ADS1219.dir/Users/desktop/.pico-sdk/sdk/2.3.1/src/rp2_common/hardware_timer/timer.c.o
[ 33%] Building C object lib/ADS1256/CMakeFiles/ADS1256.dir/Users/desktop/.pico-sdk/sdk/2.3.1/src/rp2_common/hardware_clocks/clocks.c.o
[ 33%] Building C object lib/lwip-port/CMakeFiles/lwip-port.dir/Users/desktop/.pico-sdk/sdk/2.3.1/lib/lwip/src/core/ipv6/nd6.c.o
[ 33%] Building C object lib/WiiExtension/CMakeFiles/WiiExtension.dir/Users/desktop/.pico-sdk/sdk/2.3.1/src/rp2_common/hardware_irq/irq.c.o
[ 33%] Building C object lib/ADS1115/CMakeFiles/ADS1115.dir/Users/desktop/.pico-sdk/sdk/2.3.1/src/common/pico_util/fixed_bitset.c.o
[ 33%] Building C object lib/lwip-port/CMakeFiles/lwip-port.dir/Users/desktop/.pico-sdk/sdk/2.3.1/lib/lwip/src/api/api_lib.c.o
[ 33%] Building C object lib/ADS1256/CMakeFiles/ADS1256.dir/Users/desktop/.pico-sdk/sdk/2.3.1/src/rp2_common/hardware_pll/pll.c.o
[ 33%] Building C object lib/lwip-port/CMakeFiles/lwip-port.dir/Users/desktop/.pico-sdk/sdk/2.3.1/lib/lwip/src/api/api_msg.c.o
[ 33%] Building C object lib/ADS1219/CMakeFiles/ADS1219.dir/Users/desktop/.pico-sdk/sdk/2.3.1/src/common/pico_util/datetime.c.o
[ 33%] Building C object lib/ADS1115/CMakeFiles/ADS1115.dir/Users/desktop/.pico-sdk/sdk/2.3.1/src/common/pico_util/pheap.c.o
[ 33%] Building C object lib/ADS1115/CMakeFiles/ADS1115.dir/Users/desktop/.pico-sdk/sdk/2.3.1/src/common/pico_util/queue.c.o
[ 33%] Building C object lib/lwip-port/CMakeFiles/lwip-port.dir/Users/desktop/.pico-sdk/sdk/2.3.1/lib/lwip/src/api/err.c.o
[ 33%] Building C object lib/ADS1256/CMakeFiles/ADS1256.dir/Users/desktop/.pico-sdk/sdk/2.3.1/src/rp2_common/hardware_vreg/vreg.c.o
[ 33%] Building ASM object lib/WiiExtension/CMakeFiles/WiiExtension.dir/Users/desktop/.pico-sdk/sdk/2.3.1/src/rp2_common/hardware_irq/irq_handler_chain.S.o
[ 33%] Building C object lib/lwip-port/CMakeFiles/lwip-port.dir/Users/desktop/.pico-sdk/sdk/2.3.1/lib/lwip/src/api/if_api.c.o
[ 33%] Building C object lib/ADS1219/CMakeFiles/ADS1219.dir/Users/desktop/.pico-sdk/sdk/2.3.1/src/common/pico_util/fixed_bitset.c.o
[ 33%] Building C object lib/ADS1219/CMakeFiles/ADS1219.dir/Users/desktop/.pico-sdk/sdk/2.3.1/src/common/pico_util/pheap.c.o
[ 33%] Building C object lib/WiiExtension/CMakeFiles/WiiExtension.dir/Users/desktop/.pico-sdk/sdk/2.3.1/src/common/pico_sync/sem.c.o
[ 33%] Building C object lib/ADS1115/CMakeFiles/ADS1115.dir/Users/desktop/.pico-sdk/sdk/2.3.1/src/rp2_common/hardware_uart/uart.c.o
[ 33%] Building C object lib/WiiExtension/CMakeFiles/WiiExtension.dir/Users/desktop/.pico-sdk/sdk/2.3.1/src/common/pico_sync/lock_core.c.o
[ 33%] Building C object lib/ADS1256/CMakeFiles/ADS1256.dir/Users/desktop/.pico-sdk/sdk/2.3.1/src/rp2_common/hardware_watchdog/watchdog.c.o
[ 33%] Building C object lib/lwip-port/CMakeFiles/lwip-port.dir/Users/desktop/.pico-sdk/sdk/2.3.1/lib/lwip/src/api/netbuf.c.o
[ 33%] Building C object lib/ADS1115/CMakeFiles/ADS1115.dir/Users/desktop/.pico-sdk/sdk/2.3.1/src/rp2_common/hardware_clocks/clocks.c.o
[ 33%] Building C object lib/ADS1219/CMakeFiles/ADS1219.dir/Users/desktop/.pico-sdk/sdk/2.3.1/src/common/pico_util/queue.c.o
[ 33%] Building C object lib/ADS1256/CMakeFiles/ADS1256.dir/Users/desktop/.pico-sdk/sdk/2.3.1/src/rp2_common/hardware_ticks/ticks.c.o
[ 33%] Building C object lib/WiiExtension/CMakeFiles/WiiExtension.dir/Users/desktop/.pico-sdk/sdk/2.3.1/src/common/pico_sync/mutex.c.o
[ 33%] Building C object lib/lwip-port/CMakeFiles/lwip-port.dir/Users/desktop/.pico-sdk/sdk/2.3.1/lib/lwip/src/api/netdb.c.o
[ 33%] Building C object lib/ADS1115/CMakeFiles/ADS1115.dir/Users/desktop/.pico-sdk/sdk/2.3.1/src/rp2_common/hardware_pll/pll.c.o
[ 33%] Building C object lib/ADS1219/CMakeFiles/ADS1219.dir/Users/desktop/.pico-sdk/sdk/2.3.1/src/rp2_common/hardware_uart/uart.c.o
[ 33%] Building C object lib/WiiExtension/CMakeFiles/WiiExtension.dir/Users/desktop/.pico-sdk/sdk/2.3.1/src/common/pico_sync/critical_section.c.o
[ 33%] Building C object lib/ADS1256/CMakeFiles/ADS1256.dir/Users/desktop/.pico-sdk/sdk/2.3.1/src/rp2_common/pico_bootrom/bootrom.c.o
[ 33%] Building C object lib/lwip-port/CMakeFiles/lwip-port.dir/Users/desktop/.pico-sdk/sdk/2.3.1/lib/lwip/src/api/netifapi.c.o
[ 33%] Building C object lib/WiiExtension/CMakeFiles/WiiExtension.dir/Users/desktop/.pico-sdk/sdk/2.3.1/src/common/pico_time/time.c.o
[ 33%] Building C object lib/ADS1115/CMakeFiles/ADS1115.dir/Users/desktop/.pico-sdk/sdk/2.3.1/src/rp2_common/hardware_vreg/vreg.c.o
[ 33%] Building C object lib/WiiExtension/CMakeFiles/WiiExtension.dir/Users/desktop/.pico-sdk/sdk/2.3.1/src/common/pico_time/timeout_helper.c.o
[ 33%] Building C object lib/ADS1219/CMakeFiles/ADS1219.dir/Users/desktop/.pico-sdk/sdk/2.3.1/src/rp2_common/hardware_clocks/clocks.c.o
[ 33%] Building C object lib/lwip-port/CMakeFiles/lwip-port.dir/Users/desktop/.pico-sdk/sdk/2.3.1/lib/lwip/src/api/sockets.c.o
[ 33%] Building C object lib/ADS1256/CMakeFiles/ADS1256.dir/Users/desktop/.pico-sdk/sdk/2.3.1/src/rp2_common/pico_bootrom/bootrom_lock.c.o
[ 33%] Building C object lib/ADS1115/CMakeFiles/ADS1115.dir/Users/desktop/.pico-sdk/sdk/2.3.1/src/rp2_common/hardware_watchdog/watchdog.c.o
[ 33%] Building C object lib/ADS1256/CMakeFiles/ADS1256.dir/Users/desktop/.pico-sdk/sdk/2.3.1/src/rp2_common/hardware_boot_lock/boot_lock.c.o
[ 33%] Building C object lib/WiiExtension/CMakeFiles/WiiExtension.dir/Users/desktop/.pico-sdk/sdk/2.3.1/src/rp2_common/hardware_timer/timer.c.o
[ 33%] Building C object lib/ADS1115/CMakeFiles/ADS1115.dir/Users/desktop/.pico-sdk/sdk/2.3.1/src/rp2_common/hardware_ticks/ticks.c.o
[ 33%] Building C object lib/ADS1219/CMakeFiles/ADS1219.dir/Users/desktop/.pico-sdk/sdk/2.3.1/src/rp2_common/hardware_pll/pll.c.o
[ 33%] Building C object lib/WiiExtension/CMakeFiles/WiiExtension.dir/Users/desktop/.pico-sdk/sdk/2.3.1/src/common/pico_util/datetime.c.o
[ 33%] Building C object lib/lwip-port/CMakeFiles/lwip-port.dir/Users/desktop/.pico-sdk/sdk/2.3.1/lib/lwip/src/api/tcpip.c.o
[ 33%] Building C object lib/ADS1219/CMakeFiles/ADS1219.dir/Users/desktop/.pico-sdk/sdk/2.3.1/src/rp2_common/hardware_vreg/vreg.c.o
[ 33%] Building C object lib/ADS1256/CMakeFiles/ADS1256.dir/Users/desktop/.pico-sdk/sdk/2.3.1/src/rp2_common/pico_flash/flash.c.o
[ 33%] Building C object lib/ADS1115/CMakeFiles/ADS1115.dir/Users/desktop/.pico-sdk/sdk/2.3.1/src/rp2_common/pico_bootrom/bootrom.c.o
[ 33%] Building C object lib/WiiExtension/CMakeFiles/WiiExtension.dir/Users/desktop/.pico-sdk/sdk/2.3.1/src/common/pico_util/fixed_bitset.c.o
[ 33%] Building C object lib/lwip-port/CMakeFiles/lwip-port.dir/Users/desktop/.pico-sdk/sdk/2.3.1/lib/lwip/src/netif/ethernet.c.o
[ 33%] Building C object lib/ADS1219/CMakeFiles/ADS1219.dir/Users/desktop/.pico-sdk/sdk/2.3.1/src/rp2_common/hardware_watchdog/watchdog.c.o
[ 33%] Building C object lib/ADS1256/CMakeFiles/ADS1256.dir/Users/desktop/.pico-sdk/sdk/2.3.1/src/rp2_common/hardware_xosc/xosc.c.o
[ 34%] Building C object lib/ADS1115/CMakeFiles/ADS1115.dir/Users/desktop/.pico-sdk/sdk/2.3.1/src/rp2_common/pico_bootrom/bootrom_lock.c.o
[ 35%] Building C object lib/WiiExtension/CMakeFiles/WiiExtension.dir/Users/desktop/.pico-sdk/sdk/2.3.1/src/common/pico_util/pheap.c.o
[ 35%] Building ASM object lib/ADS1256/CMakeFiles/ADS1256.dir/Users/desktop/.pico-sdk/sdk/2.3.1/src/rp2_common/hardware_divider/divider.S.o
[ 35%] Building C object lib/lwip-port/CMakeFiles/lwip-port.dir/Users/desktop/.pico-sdk/sdk/2.3.1/lib/lwip/src/netif/bridgeif.c.o
[ 35%] Building C object lib/ADS1115/CMakeFiles/ADS1115.dir/Users/desktop/.pico-sdk/sdk/2.3.1/src/rp2_common/hardware_boot_lock/boot_lock.c.o
[ 35%] Building C object lib/ADS1219/CMakeFiles/ADS1219.dir/Users/desktop/.pico-sdk/sdk/2.3.1/src/rp2_common/hardware_ticks/ticks.c.o
[ 36%] Building C object lib/ADS1256/CMakeFiles/ADS1256.dir/Users/desktop/.pico-sdk/sdk/2.3.1/src/rp2_common/pico_runtime/runtime.c.o
[ 36%] Building C object lib/ADS1256/CMakeFiles/ADS1256.dir/Users/desktop/.pico-sdk/sdk/2.3.1/src/rp2_common/pico_runtime_init/runtime_init.c.o
[ 36%] Building C object lib/WiiExtension/CMakeFiles/WiiExtension.dir/Users/desktop/.pico-sdk/sdk/2.3.1/src/common/pico_util/queue.c.o
[ 36%] Building C object lib/ADS1115/CMakeFiles/ADS1115.dir/Users/desktop/.pico-sdk/sdk/2.3.1/src/rp2_common/pico_flash/flash.c.o
[ 36%] Building C object lib/ADS1219/CMakeFiles/ADS1219.dir/Users/desktop/.pico-sdk/sdk/2.3.1/src/rp2_common/pico_bootrom/bootrom.c.o
[ 36%] Building C object lib/ADS1115/CMakeFiles/ADS1115.dir/Users/desktop/.pico-sdk/sdk/2.3.1/src/rp2_common/hardware_xosc/xosc.c.o
[ 36%] Building C object lib/WiiExtension/CMakeFiles/WiiExtension.dir/Users/desktop/.pico-sdk/sdk/2.3.1/src/rp2_common/hardware_uart/uart.c.o
[ 36%] Building C object lib/lwip-port/CMakeFiles/lwip-port.dir/Users/desktop/.pico-sdk/sdk/2.3.1/lib/lwip/src/netif/bridgeif_fdb.c.o
[ 36%] Building C object lib/ADS1256/CMakeFiles/ADS1256.dir/Users/desktop/.pico-sdk/sdk/2.3.1/src/rp2_common/pico_runtime_init/runtime_init_clocks.c.o
[ 36%] Building C object lib/ADS1219/CMakeFiles/ADS1219.dir/Users/desktop/.pico-sdk/sdk/2.3.1/src/rp2_common/pico_bootrom/bootrom_lock.c.o
[ 36%] Building ASM object lib/ADS1115/CMakeFiles/ADS1115.dir/Users/desktop/.pico-sdk/sdk/2.3.1/src/rp2_common/hardware_divider/divider.S.o
[ 36%] Building C object lib/WiiExtension/CMakeFiles/WiiExtension.dir/Users/desktop/.pico-sdk/sdk/2.3.1/src/rp2_common/hardware_clocks/clocks.c.o
[ 36%] Building C object lib/ADS1115/CMakeFiles/ADS1115.dir/Users/desktop/.pico-sdk/sdk/2.3.1/src/rp2_common/pico_runtime/runtime.c.o
[ 36%] Building C object lib/ADS1219/CMakeFiles/ADS1219.dir/Users/desktop/.pico-sdk/sdk/2.3.1/src/rp2_common/hardware_boot_lock/boot_lock.c.o
[ 36%] Building C object lib/WiiExtension/CMakeFiles/WiiExtension.dir/Users/desktop/.pico-sdk/sdk/2.3.1/src/rp2_common/hardware_pll/pll.c.o
[ 36%] Building C object lib/ADS1256/CMakeFiles/ADS1256.dir/Users/desktop/.pico-sdk/sdk/2.3.1/src/rp2_common/pico_runtime_init/runtime_init_stack_guard.c.o
[ 36%] Building C object lib/WiiExtension/CMakeFiles/WiiExtension.dir/Users/desktop/.pico-sdk/sdk/2.3.1/src/rp2_common/hardware_vreg/vreg.c.o
[ 36%] Building C object lib/lwip-port/CMakeFiles/lwip-port.dir/Users/desktop/.pico-sdk/sdk/2.3.1/lib/lwip/src/netif/slipif.c.o
[ 37%] Building C object lib/ADS1219/CMakeFiles/ADS1219.dir/Users/desktop/.pico-sdk/sdk/2.3.1/src/rp2_common/pico_flash/flash.c.o
[ 37%] Building C object lib/ADS1115/CMakeFiles/ADS1115.dir/Users/desktop/.pico-sdk/sdk/2.3.1/src/rp2_common/pico_runtime_init/runtime_init.c.o
[ 37%] Building C object lib/ADS1219/CMakeFiles/ADS1219.dir/Users/desktop/.pico-sdk/sdk/2.3.1/src/rp2_common/hardware_xosc/xosc.c.o
[ 37%] Building C object lib/ADS1256/CMakeFiles/ADS1256.dir/Users/desktop/.pico-sdk/sdk/2.3.1/src/rp2_common/hardware_rtc/rtc.c.o
[ 37%] Building C object lib/lwip-port/CMakeFiles/lwip-port.dir/Users/desktop/.pico-sdk/sdk/2.3.1/lib/lwip/src/netif/lowpan6_common.c.o
[ 37%] Building C object lib/WiiExtension/CMakeFiles/WiiExtension.dir/Users/desktop/.pico-sdk/sdk/2.3.1/src/rp2_common/hardware_watchdog/watchdog.c.o
[ 37%] Building ASM object lib/ADS1219/CMakeFiles/ADS1219.dir/Users/desktop/.pico-sdk/sdk/2.3.1/src/rp2_common/hardware_divider/divider.S.o
[ 37%] Building C object lib/ADS1219/CMakeFiles/ADS1219.dir/Users/desktop/.pico-sdk/sdk/2.3.1/src/rp2_common/pico_runtime/runtime.c.o
[ 37%] Building C object lib/ADS1115/CMakeFiles/ADS1115.dir/Users/desktop/.pico-sdk/sdk/2.3.1/src/rp2_common/pico_runtime_init/runtime_init_clocks.c.o
[ 38%] Building C object lib/lwip-port/CMakeFiles/lwip-port.dir/Users/desktop/.pico-sdk/sdk/2.3.1/lib/lwip/src/netif/lowpan6.c.o
[ 38%] Building ASM object lib/ADS1256/CMakeFiles/ADS1256.dir/Users/desktop/.pico-sdk/sdk/2.3.1/src/rp2_common/pico_bit_ops/bit_ops_aeabi.S.o
[ 38%] Building C object lib/WiiExtension/CMakeFiles/WiiExtension.dir/Users/desktop/.pico-sdk/sdk/2.3.1/src/rp2_common/hardware_ticks/ticks.c.o
[ 38%] Building ASM object lib/ADS1256/CMakeFiles/ADS1256.dir/Users/desktop/.pico-sdk/sdk/2.3.1/src/rp2_common/pico_divider/divider_hardware.S.o
[ 38%] Building C object lib/lwip-port/CMakeFiles/lwip-port.dir/Users/desktop/.pico-sdk/sdk/2.3.1/lib/lwip/src/netif/lowpan6_ble.c.o
[ 38%] Building C object lib/ADS1219/CMakeFiles/ADS1219.dir/Users/desktop/.pico-sdk/sdk/2.3.1/src/rp2_common/pico_runtime_init/runtime_init.c.o
[ 38%] Building C object lib/ADS1115/CMakeFiles/ADS1115.dir/Users/desktop/.pico-sdk/sdk/2.3.1/src/rp2_common/pico_runtime_init/runtime_init_stack_guard.c.o
[ 38%] Building C object lib/WiiExtension/CMakeFiles/WiiExtension.dir/Users/desktop/.pico-sdk/sdk/2.3.1/src/rp2_common/pico_bootrom/bootrom.c.o
[ 38%] Building ASM object lib/ADS1256/CMakeFiles/ADS1256.dir/Users/desktop/.pico-sdk/sdk/2.3.1/src/rp2_common/pico_double/double_aeabi_rp2040.S.o
[ 38%] Building C object lib/lwip-port/CMakeFiles/lwip-port.dir/Users/desktop/.pico-sdk/sdk/2.3.1/lib/lwip/src/netif/zepif.c.o
[ 38%] Building C object lib/WiiExtension/CMakeFiles/WiiExtension.dir/Users/desktop/.pico-sdk/sdk/2.3.1/src/rp2_common/pico_bootrom/bootrom_lock.c.o
[ 38%] Building C object lib/lwip-port/CMakeFiles/lwip-port.dir/Users/desktop/.pico-sdk/sdk/2.3.1/lib/lwip/src/netif/ppp/auth.c.o
[ 38%] Building C object lib/ADS1219/CMakeFiles/ADS1219.dir/Users/desktop/.pico-sdk/sdk/2.3.1/src/rp2_common/pico_runtime_init/runtime_init_clocks.c.o
[ 38%] Building C object lib/ADS1115/CMakeFiles/ADS1115.dir/Users/desktop/.pico-sdk/sdk/2.3.1/src/rp2_common/hardware_rtc/rtc.c.o
[ 38%] Building C object lib/ADS1256/CMakeFiles/ADS1256.dir/Users/desktop/.pico-sdk/sdk/2.3.1/src/rp2_common/pico_double/double_init_rom_rp2040.c.o
[ 38%] Building C object lib/WiiExtension/CMakeFiles/WiiExtension.dir/Users/desktop/.pico-sdk/sdk/2.3.1/src/rp2_common/hardware_boot_lock/boot_lock.c.o
[ 38%] Building C object lib/ADS1256/CMakeFiles/ADS1256.dir/Users/desktop/.pico-sdk/sdk/2.3.1/src/rp2_common/pico_double/double_math.c.o
[ 38%] Building C object lib/lwip-port/CMakeFiles/lwip-port.dir/Users/desktop/.pico-sdk/sdk/2.3.1/lib/lwip/src/netif/ppp/ccp.c.o
[ 38%] Building ASM object lib/ADS1256/CMakeFiles/ADS1256.dir/Users/desktop/.pico-sdk/sdk/2.3.1/src/rp2_common/pico_double/double_v1_rom_shim_rp2040.S.o
[ 38%] Building ASM object lib/ADS1115/CMakeFiles/ADS1115.dir/Users/desktop/.pico-sdk/sdk/2.3.1/src/rp2_common/pico_bit_ops/bit_ops_aeabi.S.o
[ 38%] Building C object lib/ADS1219/CMakeFiles/ADS1219.dir/Users/desktop/.pico-sdk/sdk/2.3.1/src/rp2_common/pico_runtime_init/runtime_init_stack_guard.c.o
[ 38%] Building C object lib/WiiExtension/CMakeFiles/WiiExtension.dir/Users/desktop/.pico-sdk/sdk/2.3.1/src/rp2_common/pico_flash/flash.c.o
[ 38%] Building C object lib/lwip-port/CMakeFiles/lwip-port.dir/Users/desktop/.pico-sdk/sdk/2.3.1/lib/lwip/src/netif/ppp/chap-md5.c.o
[ 38%] Building ASM object lib/ADS1256/CMakeFiles/ADS1256.dir/Users/desktop/.pico-sdk/sdk/2.3.1/src/rp2_common/pico_int64_ops/pico_int64_ops_aeabi.S.o
[ 38%] Building ASM object lib/ADS1256/CMakeFiles/ADS1256.dir/Users/desktop/.pico-sdk/sdk/2.3.1/src/rp2_common/pico_float/float_aeabi_rp2040.S.o
[ 38%] Building ASM object lib/ADS1115/CMakeFiles/ADS1115.dir/Users/desktop/.pico-sdk/sdk/2.3.1/src/rp2_common/pico_divider/divider_hardware.S.o
[ 38%] Building C object lib/lwip-port/CMakeFiles/lwip-port.dir/Users/desktop/.pico-sdk/sdk/2.3.1/lib/lwip/src/netif/ppp/chap_ms.c.o
[ 38%] Building C object lib/ADS1219/CMakeFiles/ADS1219.dir/Users/desktop/.pico-sdk/sdk/2.3.1/src/rp2_common/hardware_rtc/rtc.c.o
[ 38%] Building C object lib/WiiExtension/CMakeFiles/WiiExtension.dir/Users/desktop/.pico-sdk/sdk/2.3.1/src/rp2_common/hardware_xosc/xosc.c.o
[ 38%] Building C object lib/ADS1256/CMakeFiles/ADS1256.dir/Users/desktop/.pico-sdk/sdk/2.3.1/src/rp2_common/pico_float/float_init_rom_rp2040.c.o
[ 38%] Building C object lib/lwip-port/CMakeFiles/lwip-port.dir/Users/desktop/.pico-sdk/sdk/2.3.1/lib/lwip/src/netif/ppp/chap-new.c.o
[ 38%] Building ASM object lib/ADS1219/CMakeFiles/ADS1219.dir/Users/desktop/.pico-sdk/sdk/2.3.1/src/rp2_common/pico_bit_ops/bit_ops_aeabi.S.o
[ 38%] Building ASM object lib/ADS1115/CMakeFiles/ADS1115.dir/Users/desktop/.pico-sdk/sdk/2.3.1/src/rp2_common/pico_double/double_aeabi_rp2040.S.o
[ 38%] Building C object lib/lwip-port/CMakeFiles/lwip-port.dir/Users/desktop/.pico-sdk/sdk/2.3.1/lib/lwip/src/netif/ppp/demand.c.o
[ 38%] Building ASM object lib/WiiExtension/CMakeFiles/WiiExtension.dir/Users/desktop/.pico-sdk/sdk/2.3.1/src/rp2_common/hardware_divider/divider.S.o
[ 38%] Building C object lib/ADS1256/CMakeFiles/ADS1256.dir/Users/desktop/.pico-sdk/sdk/2.3.1/src/rp2_common/pico_float/float_math.c.o
[ 38%] Building C object lib/ADS1115/CMakeFiles/ADS1115.dir/Users/desktop/.pico-sdk/sdk/2.3.1/src/rp2_common/pico_double/double_init_rom_rp2040.c.o
[ 38%] Building C object lib/lwip-port/CMakeFiles/lwip-port.dir/Users/desktop/.pico-sdk/sdk/2.3.1/lib/lwip/src/netif/ppp/eap.c.o
[ 38%] Building C object lib/lwip-port/CMakeFiles/lwip-port.dir/Users/desktop/.pico-sdk/sdk/2.3.1/lib/lwip/src/netif/ppp/ecp.c.o
[ 38%] Building ASM object lib/ADS1219/CMakeFiles/ADS1219.dir/Users/desktop/.pico-sdk/sdk/2.3.1/src/rp2_common/pico_divider/divider_hardware.S.o
[ 38%] Building C object lib/WiiExtension/CMakeFiles/WiiExtension.dir/Users/desktop/.pico-sdk/sdk/2.3.1/src/rp2_common/pico_runtime/runtime.c.o
[ 39%] Building C object lib/WiiExtension/CMakeFiles/WiiExtension.dir/Users/desktop/.pico-sdk/sdk/2.3.1/src/rp2_common/pico_runtime_init/runtime_init.c.o
[ 39%] Building C object lib/ADS1115/CMakeFiles/ADS1115.dir/Users/desktop/.pico-sdk/sdk/2.3.1/src/rp2_common/pico_double/double_math.c.o
[ 39%] Building C object lib/lwip-port/CMakeFiles/lwip-port.dir/Users/desktop/.pico-sdk/sdk/2.3.1/lib/lwip/src/netif/ppp/eui64.c.o
[ 39%] Building ASM object lib/ADS1219/CMakeFiles/ADS1219.dir/Users/desktop/.pico-sdk/sdk/2.3.1/src/rp2_common/pico_double/double_aeabi_rp2040.S.o
[ 40%] Building ASM object lib/ADS1256/CMakeFiles/ADS1256.dir/Users/desktop/.pico-sdk/sdk/2.3.1/src/rp2_common/pico_float/float_v1_rom_shim_rp2040.S.o
[ 41%] Building ASM object lib/ADS1115/CMakeFiles/ADS1115.dir/Users/desktop/.pico-sdk/sdk/2.3.1/src/rp2_common/pico_double/double_v1_rom_shim_rp2040.S.o
[ 41%] Building C object lib/lwip-port/CMakeFiles/lwip-port.dir/Users/desktop/.pico-sdk/sdk/2.3.1/lib/lwip/src/netif/ppp/fsm.c.o
[ 41%] Building C object lib/WiiExtension/CMakeFiles/WiiExtension.dir/Users/desktop/.pico-sdk/sdk/2.3.1/src/rp2_common/pico_runtime_init/runtime_init_clocks.c.o
[ 41%] Building C object lib/ADS1256/CMakeFiles/ADS1256.dir/Users/desktop/.pico-sdk/sdk/2.3.1/src/rp2_common/pico_malloc/malloc.c.o
[ 41%] Building C object lib/ADS1219/CMakeFiles/ADS1219.dir/Users/desktop/.pico-sdk/sdk/2.3.1/src/rp2_common/pico_double/double_init_rom_rp2040.c.o
[ 41%] Building C object lib/WiiExtension/CMakeFiles/WiiExtension.dir/Users/desktop/.pico-sdk/sdk/2.3.1/src/rp2_common/pico_runtime_init/runtime_init_stack_guard.c.o
[ 41%] Building ASM object lib/ADS1256/CMakeFiles/ADS1256.dir/Users/desktop/.pico-sdk/sdk/2.3.1/src/rp2_common/pico_mem_ops/mem_ops_aeabi.S.o
[ 41%] Building C object lib/ADS1219/CMakeFiles/ADS1219.dir/Users/desktop/.pico-sdk/sdk/2.3.1/src/rp2_common/pico_double/double_math.c.o
[ 41%] Building C object lib/lwip-port/CMakeFiles/lwip-port.dir/Users/desktop/.pico-sdk/sdk/2.3.1/lib/lwip/src/netif/ppp/ipcp.c.o
[ 41%] Building C object lib/WiiExtension/CMakeFiles/WiiExtension.dir/Users/desktop/.pico-sdk/sdk/2.3.1/src/rp2_common/hardware_rtc/rtc.c.o
[ 41%] Building ASM object lib/ADS1115/CMakeFiles/ADS1115.dir/Users/desktop/.pico-sdk/sdk/2.3.1/src/rp2_common/pico_int64_ops/pico_int64_ops_aeabi.S.o
[ 41%] Building C object lib/ADS1256/CMakeFiles/ADS1256.dir/Users/desktop/.pico-sdk/sdk/2.3.1/src/rp2_common/pico_atomic/atomic.c.o
[ 41%] Building ASM object lib/ADS1219/CMakeFiles/ADS1219.dir/Users/desktop/.pico-sdk/sdk/2.3.1/src/rp2_common/pico_double/double_v1_rom_shim_rp2040.S.o
[ 41%] Building C object lib/lwip-port/CMakeFiles/lwip-port.dir/Users/desktop/.pico-sdk/sdk/2.3.1/lib/lwip/src/netif/ppp/ipv6cp.c.o
[ 41%] Building ASM object lib/WiiExtension/CMakeFiles/WiiExtension.dir/Users/desktop/.pico-sdk/sdk/2.3.1/src/rp2_common/pico_bit_ops/bit_ops_aeabi.S.o
[ 41%] Building ASM object lib/ADS1115/CMakeFiles/ADS1115.dir/Users/desktop/.pico-sdk/sdk/2.3.1/src/rp2_common/pico_float/float_aeabi_rp2040.S.o
[ 41%] Building CXX object lib/ADS1256/CMakeFiles/ADS1256.dir/Users/desktop/.pico-sdk/sdk/2.3.1/src/rp2_common/pico_cxx_options/new_delete.cpp.o
[ 41%] Building ASM object lib/WiiExtension/CMakeFiles/WiiExtension.dir/Users/desktop/.pico-sdk/sdk/2.3.1/src/rp2_common/pico_divider/divider_hardware.S.o
[ 41%] Building ASM object lib/WiiExtension/CMakeFiles/WiiExtension.dir/Users/desktop/.pico-sdk/sdk/2.3.1/src/rp2_common/pico_double/double_aeabi_rp2040.S.o
[ 41%] Building C object lib/WiiExtension/CMakeFiles/WiiExtension.dir/Users/desktop/.pico-sdk/sdk/2.3.1/src/rp2_common/pico_double/double_init_rom_rp2040.c.o
[ 42%] Building C object lib/lwip-port/CMakeFiles/lwip-port.dir/Users/desktop/.pico-sdk/sdk/2.3.1/lib/lwip/src/netif/ppp/lcp.c.o
[ 42%] Building ASM object lib/ADS1219/CMakeFiles/ADS1219.dir/Users/desktop/.pico-sdk/sdk/2.3.1/src/rp2_common/pico_int64_ops/pico_int64_ops_aeabi.S.o
[ 42%] Building C object lib/ADS1115/CMakeFiles/ADS1115.dir/Users/desktop/.pico-sdk/sdk/2.3.1/src/rp2_common/pico_float/float_init_rom_rp2040.c.o
[ 42%] Building C object lib/ADS1256/CMakeFiles/ADS1256.dir/Users/desktop/.pico-sdk/sdk/2.3.1/src/rp2_common/pico_standard_binary_info/standard_binary_info.c.o
[ 42%] Building C object lib/lwip-port/CMakeFiles/lwip-port.dir/Users/desktop/.pico-sdk/sdk/2.3.1/lib/lwip/src/netif/ppp/magic.c.o
[ 42%] Building C object lib/lwip-port/CMakeFiles/lwip-port.dir/Users/desktop/.pico-sdk/sdk/2.3.1/lib/lwip/src/netif/ppp/mppe.c.o
[ 42%] Building C object lib/ADS1256/CMakeFiles/ADS1256.dir/Users/desktop/.pico-sdk/sdk/2.3.1/src/rp2_common/pico_printf/printf.c.o
[ 42%] Building C object lib/WiiExtension/CMakeFiles/WiiExtension.dir/Users/desktop/.pico-sdk/sdk/2.3.1/src/rp2_common/pico_double/double_math.c.o
[ 42%] Building ASM object lib/ADS1219/CMakeFiles/ADS1219.dir/Users/desktop/.pico-sdk/sdk/2.3.1/src/rp2_common/pico_float/float_aeabi_rp2040.S.o
[ 42%] Building C object lib/ADS1115/CMakeFiles/ADS1115.dir/Users/desktop/.pico-sdk/sdk/2.3.1/src/rp2_common/pico_float/float_math.c.o
[ 42%] Building C object lib/lwip-port/CMakeFiles/lwip-port.dir/Users/desktop/.pico-sdk/sdk/2.3.1/lib/lwip/src/netif/ppp/multilink.c.o
[ 42%] Building ASM object lib/ADS1115/CMakeFiles/ADS1115.dir/Users/desktop/.pico-sdk/sdk/2.3.1/src/rp2_common/pico_float/float_v1_rom_shim_rp2040.S.o
[ 43%] Building C object lib/ADS1219/CMakeFiles/ADS1219.dir/Users/desktop/.pico-sdk/sdk/2.3.1/src/rp2_common/pico_float/float_init_rom_rp2040.c.o
[ 43%] Building C object lib/lwip-port/CMakeFiles/lwip-port.dir/Users/desktop/.pico-sdk/sdk/2.3.1/lib/lwip/src/netif/ppp/ppp.c.o
[ 43%] Building C object lib/lwip-port/CMakeFiles/lwip-port.dir/Users/desktop/.pico-sdk/sdk/2.3.1/lib/lwip/src/netif/ppp/pppapi.c.o
[ 43%] Building ASM object lib/ADS1256/CMakeFiles/ADS1256.dir/Users/desktop/.pico-sdk/sdk/2.3.1/src/rp2_common/pico_crt0/crt0.S.o
[ 43%] Building C object lib/lwip-port/CMakeFiles/lwip-port.dir/Users/desktop/.pico-sdk/sdk/2.3.1/lib/lwip/src/netif/ppp/pppcrypt.c.o
[ 43%] Building C object lib/ADS1219/CMakeFiles/ADS1219.dir/Users/desktop/.pico-sdk/sdk/2.3.1/src/rp2_common/pico_float/float_math.c.o
[ 43%] Building C object lib/ADS1256/CMakeFiles/ADS1256.dir/Users/desktop/.pico-sdk/sdk/2.3.1/src/rp2_common/pico_clib_interface/newlib_interface.c.o
[ 43%] Building ASM object lib/WiiExtension/CMakeFiles/WiiExtension.dir/Users/desktop/.pico-sdk/sdk/2.3.1/src/rp2_common/pico_double/double_v1_rom_shim_rp2040.S.o
[ 43%] Building C object lib/ADS1115/CMakeFiles/ADS1115.dir/Users/desktop/.pico-sdk/sdk/2.3.1/src/rp2_common/pico_malloc/malloc.c.o
[ 43%] Building C object lib/lwip-port/CMakeFiles/lwip-port.dir/Users/desktop/.pico-sdk/sdk/2.3.1/lib/lwip/src/netif/ppp/pppoe.c.o
[ 43%] Building ASM object lib/ADS1219/CMakeFiles/ADS1219.dir/Users/desktop/.pico-sdk/sdk/2.3.1/src/rp2_common/pico_float/float_v1_rom_shim_rp2040.S.o
[ 43%] Building C object lib/ADS1256/CMakeFiles/ADS1256.dir/Users/desktop/.pico-sdk/sdk/2.3.1/src/rp2_common/pico_clib_interface/cxa_guard.c.o
[ 43%] Building ASM object lib/WiiExtension/CMakeFiles/WiiExtension.dir/Users/desktop/.pico-sdk/sdk/2.3.1/src/rp2_common/pico_int64_ops/pico_int64_ops_aeabi.S.o
[ 43%] Building C object lib/lwip-port/CMakeFiles/lwip-port.dir/Users/desktop/.pico-sdk/sdk/2.3.1/lib/lwip/src/netif/ppp/pppol2tp.c.o
[ 43%] Building ASM object lib/ADS1115/CMakeFiles/ADS1115.dir/Users/desktop/.pico-sdk/sdk/2.3.1/src/rp2_common/pico_mem_ops/mem_ops_aeabi.S.o
[ 43%] Building C object lib/ADS1219/CMakeFiles/ADS1219.dir/Users/desktop/.pico-sdk/sdk/2.3.1/src/rp2_common/pico_malloc/malloc.c.o
[ 43%] Building C object lib/ADS1115/CMakeFiles/ADS1115.dir/Users/desktop/.pico-sdk/sdk/2.3.1/src/rp2_common/pico_atomic/atomic.c.o
[ 43%] Building ASM object lib/WiiExtension/CMakeFiles/WiiExtension.dir/Users/desktop/.pico-sdk/sdk/2.3.1/src/rp2_common/pico_float/float_aeabi_rp2040.S.o
[ 43%] Building ASM object lib/ADS1219/CMakeFiles/ADS1219.dir/Users/desktop/.pico-sdk/sdk/2.3.1/src/rp2_common/pico_mem_ops/mem_ops_aeabi.S.o
[ 43%] Building C object lib/ADS1256/CMakeFiles/ADS1256.dir/Users/desktop/.pico-sdk/sdk/2.3.1/src/rp2_common/pico_stdio/stdio.c.o
[ 43%] Building C object lib/lwip-port/CMakeFiles/lwip-port.dir/Users/desktop/.pico-sdk/sdk/2.3.1/lib/lwip/src/netif/ppp/pppos.c.o
[ 43%] Building CXX object lib/ADS1115/CMakeFiles/ADS1115.dir/Users/desktop/.pico-sdk/sdk/2.3.1/src/rp2_common/pico_cxx_options/new_delete.cpp.o
[ 43%] Building C object lib/ADS1256/CMakeFiles/ADS1256.dir/Users/desktop/.pico-sdk/sdk/2.3.1/src/rp2_common/pico_stdio_uart/stdio_uart.c.o
[ 43%] Building C object lib/WiiExtension/CMakeFiles/WiiExtension.dir/Users/desktop/.pico-sdk/sdk/2.3.1/src/rp2_common/pico_float/float_init_rom_rp2040.c.o
[ 43%] Building CXX object lib/ADS1219/CMakeFiles/ADS1219.dir/Users/desktop/.pico-sdk/sdk/2.3.1/src/rp2_common/pico_cxx_options/new_delete.cpp.o
[ 43%] Building C object lib/ADS1219/CMakeFiles/ADS1219.dir/Users/desktop/.pico-sdk/sdk/2.3.1/src/rp2_common/pico_atomic/atomic.c.o
[ 43%] Building C object lib/ADS1115/CMakeFiles/ADS1115.dir/Users/desktop/.pico-sdk/sdk/2.3.1/src/rp2_common/pico_standard_binary_info/standard_binary_info.c.o
[ 43%] Building C object lib/ADS1256/CMakeFiles/ADS1256.dir/Users/desktop/.pico-sdk/sdk/2.3.1/src/rp2_common/pico_thread_local/thread_local.c.o
[ 43%] Building C object lib/lwip-port/CMakeFiles/lwip-port.dir/Users/desktop/.pico-sdk/sdk/2.3.1/lib/lwip/src/netif/ppp/upap.c.o
[ 43%] Building C object lib/WiiExtension/CMakeFiles/WiiExtension.dir/Users/desktop/.pico-sdk/sdk/2.3.1/src/rp2_common/pico_float/float_math.c.o
[ 43%] Building C object lib/ADS1115/CMakeFiles/ADS1115.dir/Users/desktop/.pico-sdk/sdk/2.3.1/src/rp2_common/pico_printf/printf.c.o
[ 43%] Building C object lib/ADS1219/CMakeFiles/ADS1219.dir/Users/desktop/.pico-sdk/sdk/2.3.1/src/rp2_common/pico_standard_binary_info/standard_binary_info.c.o
[ 43%] Building C object lib/ADS1256/CMakeFiles/ADS1256.dir/Users/desktop/.pico-sdk/sdk/2.3.1/src/rp2_common/hardware_dma/dma.c.o
[ 43%] Building C object lib/lwip-port/CMakeFiles/lwip-port.dir/Users/desktop/.pico-sdk/sdk/2.3.1/lib/lwip/src/netif/ppp/utils.c.o
[ 43%] Building ASM object lib/ADS1219/CMakeFiles/ADS1219.dir/Users/desktop/.pico-sdk/sdk/2.3.1/src/rp2_common/pico_crt0/crt0.S.o
[ 43%] Building C object lib/ADS1219/CMakeFiles/ADS1219.dir/Users/desktop/.pico-sdk/sdk/2.3.1/src/rp2_common/pico_printf/printf.c.o
[ 43%] Building C object lib/lwip-port/CMakeFiles/lwip-port.dir/Users/desktop/.pico-sdk/sdk/2.3.1/lib/lwip/src/netif/ppp/vj.c.o
[ 43%] Building ASM object lib/ADS1115/CMakeFiles/ADS1115.dir/Users/desktop/.pico-sdk/sdk/2.3.1/src/rp2_common/pico_crt0/crt0.S.o
[ 43%] Building ASM object lib/WiiExtension/CMakeFiles/WiiExtension.dir/Users/desktop/.pico-sdk/sdk/2.3.1/src/rp2_common/pico_float/float_v1_rom_shim_rp2040.S.o
[ 43%] Building C object lib/ADS1256/CMakeFiles/ADS1256.dir/Users/desktop/.pico-sdk/sdk/2.3.1/src/rp2_common/hardware_i2c/i2c.c.o
[ 43%] Building C object lib/ADS1219/CMakeFiles/ADS1219.dir/Users/desktop/.pico-sdk/sdk/2.3.1/src/rp2_common/pico_clib_interface/newlib_interface.c.o
[ 43%] Building C object lib/lwip-port/CMakeFiles/lwip-port.dir/Users/desktop/.pico-sdk/sdk/2.3.1/lib/lwip/src/netif/ppp/polarssl/arc4.c.o
[ 43%] Building C object lib/ADS1115/CMakeFiles/ADS1115.dir/Users/desktop/.pico-sdk/sdk/2.3.1/src/rp2_common/pico_clib_interface/newlib_interface.c.o
[ 44%] Building C object lib/WiiExtension/CMakeFiles/WiiExtension.dir/Users/desktop/.pico-sdk/sdk/2.3.1/src/rp2_common/pico_malloc/malloc.c.o
[ 45%] Building C object lib/ADS1256/CMakeFiles/ADS1256.dir/Users/desktop/.pico-sdk/sdk/2.3.1/src/rp2_common/hardware_spi/spi.c.o
[ 45%] Building C object lib/ADS1219/CMakeFiles/ADS1219.dir/Users/desktop/.pico-sdk/sdk/2.3.1/src/rp2_common/pico_clib_interface/cxa_guard.c.o
[ 45%] Building C object lib/ADS1256/CMakeFiles/ADS1256.dir/__/pico_pio_usb/src/pio_usb.c.o
[ 45%] Building C object lib/ADS1115/CMakeFiles/ADS1115.dir/Users/desktop/.pico-sdk/sdk/2.3.1/src/rp2_common/pico_clib_interface/cxa_guard.c.o
[ 45%] Building C object lib/lwip-port/CMakeFiles/lwip-port.dir/Users/desktop/.pico-sdk/sdk/2.3.1/lib/lwip/src/netif/ppp/polarssl/des.c.o
[ 45%] Building ASM object lib/WiiExtension/CMakeFiles/WiiExtension.dir/Users/desktop/.pico-sdk/sdk/2.3.1/src/rp2_common/pico_mem_ops/mem_ops_aeabi.S.o
[ 45%] Building C object lib/ADS1256/CMakeFiles/ADS1256.dir/__/pico_pio_usb/src/pio_usb_host.c.o
[ 45%] Building C object lib/ADS1219/CMakeFiles/ADS1219.dir/Users/desktop/.pico-sdk/sdk/2.3.1/src/rp2_common/pico_stdio/stdio.c.o
[ 45%] Building C object lib/WiiExtension/CMakeFiles/WiiExtension.dir/Users/desktop/.pico-sdk/sdk/2.3.1/src/rp2_common/pico_atomic/atomic.c.o
[ 46%] Building C object lib/lwip-port/CMakeFiles/lwip-port.dir/Users/desktop/.pico-sdk/sdk/2.3.1/lib/lwip/src/netif/ppp/polarssl/md4.c.o
[ 47%] Building C object lib/ADS1115/CMakeFiles/ADS1115.dir/Users/desktop/.pico-sdk/sdk/2.3.1/src/rp2_common/pico_stdio/stdio.c.o
[ 47%] Building C object lib/lwip-port/CMakeFiles/lwip-port.dir/Users/desktop/.pico-sdk/sdk/2.3.1/lib/lwip/src/netif/ppp/polarssl/md5.c.o
[ 47%] Building C object lib/ADS1256/CMakeFiles/ADS1256.dir/__/pico_pio_usb/src/pio_usb_device.c.o
[ 47%] Building C object lib/ADS1219/CMakeFiles/ADS1219.dir/Users/desktop/.pico-sdk/sdk/2.3.1/src/rp2_common/pico_stdio_uart/stdio_uart.c.o
[ 47%] Building CXX object lib/WiiExtension/CMakeFiles/WiiExtension.dir/Users/desktop/.pico-sdk/sdk/2.3.1/src/rp2_common/pico_cxx_options/new_delete.cpp.o
[ 47%] Building C object lib/lwip-port/CMakeFiles/lwip-port.dir/Users/desktop/.pico-sdk/sdk/2.3.1/lib/lwip/src/netif/ppp/polarssl/sha1.c.o
[ 47%] Building C object lib/ADS1115/CMakeFiles/ADS1115.dir/Users/desktop/.pico-sdk/sdk/2.3.1/src/rp2_common/pico_stdio_uart/stdio_uart.c.o
[ 47%] Building C object lib/ADS1256/CMakeFiles/ADS1256.dir/__/pico_pio_usb/src/usb_crc.c.o
[ 47%] Building C object lib/ADS1256/CMakeFiles/ADS1256.dir/Users/desktop/.pico-sdk/sdk/2.3.1/src/rp2_common/hardware_pio/pio.c.o
[ 47%] Building C object lib/ADS1219/CMakeFiles/ADS1219.dir/Users/desktop/.pico-sdk/sdk/2.3.1/src/rp2_common/pico_thread_local/thread_local.c.o
[ 47%] Building C object lib/ADS1256/CMakeFiles/ADS1256.dir/Users/desktop/.pico-sdk/sdk/2.3.1/src/rp2_common/pico_multicore/multicore.c.o
[ 47%] Building C object lib/WiiExtension/CMakeFiles/WiiExtension.dir/Users/desktop/.pico-sdk/sdk/2.3.1/src/rp2_common/pico_standard_binary_info/standard_binary_info.c.o
[ 48%] Building C object lib/ADS1219/CMakeFiles/ADS1219.dir/Users/desktop/.pico-sdk/sdk/2.3.1/src/rp2_common/hardware_dma/dma.c.o
[ 48%] Building C object lib/lwip-port/CMakeFiles/lwip-port.dir/Users/desktop/.pico-sdk/sdk/2.3.1/lib/lwip/src/apps/mdns/mdns.c.o
[ 48%] Building C object lib/ADS1115/CMakeFiles/ADS1115.dir/Users/desktop/.pico-sdk/sdk/2.3.1/src/rp2_common/pico_thread_local/thread_local.c.o
[ 48%] Building C object lib/WiiExtension/CMakeFiles/WiiExtension.dir/Users/desktop/.pico-sdk/sdk/2.3.1/src/rp2_common/pico_printf/printf.c.o
[ 48%] Building C object lib/lwip-port/CMakeFiles/lwip-port.dir/Users/desktop/.pico-sdk/sdk/2.3.1/lib/lwip/src/apps/mdns/mdns_out.c.o
[ 48%] Building C object lib/ADS1219/CMakeFiles/ADS1219.dir/Users/desktop/.pico-sdk/sdk/2.3.1/src/rp2_common/hardware_i2c/i2c.c.o
[ 48%] Building ASM object lib/WiiExtension/CMakeFiles/WiiExtension.dir/Users/desktop/.pico-sdk/sdk/2.3.1/src/rp2_common/pico_crt0/crt0.S.o
[ 48%] Building C object lib/ADS1115/CMakeFiles/ADS1115.dir/Users/desktop/.pico-sdk/sdk/2.3.1/src/rp2_common/hardware_dma/dma.c.o
[ 48%] Linking CXX static library libADS1256.a
[ 48%] Building C object lib/lwip-port/CMakeFiles/lwip-port.dir/Users/desktop/.pico-sdk/sdk/2.3.1/lib/lwip/src/apps/mdns/mdns_domain.c.o
[ 48%] Building C object lib/WiiExtension/CMakeFiles/WiiExtension.dir/Users/desktop/.pico-sdk/sdk/2.3.1/src/rp2_common/pico_clib_interface/newlib_interface.c.o
[ 48%] Built target ADS1256
[ 48%] Building C object lib/ADS1219/CMakeFiles/ADS1219.dir/Users/desktop/.pico-sdk/sdk/2.3.1/src/rp2_common/hardware_spi/spi.c.o
[ 48%] Building C object lib/ADS1219/CMakeFiles/ADS1219.dir/__/pico_pio_usb/src/pio_usb.c.o
[ 48%] Building C object lib/ADS1115/CMakeFiles/ADS1115.dir/Users/desktop/.pico-sdk/sdk/2.3.1/src/rp2_common/hardware_i2c/i2c.c.o
[ 48%] Building C object lib/WiiExtension/CMakeFiles/WiiExtension.dir/Users/desktop/.pico-sdk/sdk/2.3.1/src/rp2_common/pico_clib_interface/cxa_guard.c.o
[ 48%] Building C object lib/lwip-port/CMakeFiles/lwip-port.dir/Users/desktop/.pico-sdk/sdk/2.3.1/src/rp2_common/pico_rand/rand.c.o
[ 48%] Building C object lib/WiiExtension/CMakeFiles/WiiExtension.dir/Users/desktop/.pico-sdk/sdk/2.3.1/src/rp2_common/pico_stdio/stdio.c.o
[ 48%] Building C object lib/lwip-port/CMakeFiles/lwip-port.dir/Users/desktop/.pico-sdk/sdk/2.3.1/src/rp2_common/pico_unique_id/unique_id.c.o
[ 48%] Building C object lib/ADS1219/CMakeFiles/ADS1219.dir/__/pico_pio_usb/src/pio_usb_host.c.o
[ 48%] Building C object lib/ADS1115/CMakeFiles/ADS1115.dir/Users/desktop/.pico-sdk/sdk/2.3.1/src/rp2_common/hardware_spi/spi.c.o
[ 48%] Building C object lib/WiiExtension/CMakeFiles/WiiExtension.dir/Users/desktop/.pico-sdk/sdk/2.3.1/src/rp2_common/pico_stdio_uart/stdio_uart.c.o
[ 48%] Building C object lib/lwip-port/CMakeFiles/lwip-port.dir/Users/desktop/.pico-sdk/sdk/2.3.1/src/rp2_common/hardware_flash/flash.c.o
[ 48%] Building C object lib/ADS1219/CMakeFiles/ADS1219.dir/__/pico_pio_usb/src/pio_usb_device.c.o
[ 48%] Building C object lib/lwip-port/CMakeFiles/lwip-port.dir/Users/desktop/.pico-sdk/sdk/2.3.1/src/rp2_common/hardware_xip_cache/xip_cache.c.o
[ 48%] Building C object lib/WiiExtension/CMakeFiles/WiiExtension.dir/Users/desktop/.pico-sdk/sdk/2.3.1/src/rp2_common/pico_thread_local/thread_local.c.o
[ 48%] Building C object lib/ADS1219/CMakeFiles/ADS1219.dir/__/pico_pio_usb/src/usb_crc.c.o
[ 48%] Building C object lib/ADS1115/CMakeFiles/ADS1115.dir/__/pico_pio_usb/src/pio_usb.c.o
[ 48%] Building C object lib/WiiExtension/CMakeFiles/WiiExtension.dir/Users/desktop/.pico-sdk/sdk/2.3.1/src/rp2_common/hardware_dma/dma.c.o
[ 48%] Building C object lib/ADS1219/CMakeFiles/ADS1219.dir/Users/desktop/.pico-sdk/sdk/2.3.1/src/rp2_common/hardware_pio/pio.c.o
[ 48%] Linking CXX static library liblwip-port.a
[ 48%] Building C object lib/WiiExtension/CMakeFiles/WiiExtension.dir/Users/desktop/.pico-sdk/sdk/2.3.1/src/rp2_common/hardware_i2c/i2c.c.o
[ 48%] Building C object lib/ADS1115/CMakeFiles/ADS1115.dir/__/pico_pio_usb/src/pio_usb_host.c.o
[ 48%] Building C object lib/WiiExtension/CMakeFiles/WiiExtension.dir/Users/desktop/.pico-sdk/sdk/2.3.1/src/rp2_common/hardware_spi/spi.c.o
[ 48%] Building C object lib/ADS1115/CMakeFiles/ADS1115.dir/__/pico_pio_usb/src/pio_usb_device.c.o
[ 48%] Building C object lib/ADS1219/CMakeFiles/ADS1219.dir/Users/desktop/.pico-sdk/sdk/2.3.1/src/rp2_common/pico_multicore/multicore.c.o
[ 48%] Built target lwip-port
[ 49%] Building C object lib/WiiExtension/CMakeFiles/WiiExtension.dir/__/pico_pio_usb/src/pio_usb.c.o
[ 49%] Building C object lib/WiiExtension/CMakeFiles/WiiExtension.dir/__/pico_pio_usb/src/pio_usb_host.c.o
[ 49%] Building C object lib/ADS1115/CMakeFiles/ADS1115.dir/__/pico_pio_usb/src/usb_crc.c.o
[ 49%] Linking CXX static library libADS1219.a
[ 49%] Building C object lib/httpd/CMakeFiles/httpd.dir/fs.c.o
[ 49%] Building C object lib/ADS1115/CMakeFiles/ADS1115.dir/Users/desktop/.pico-sdk/sdk/2.3.1/src/rp2_common/hardware_pio/pio.c.o
[ 49%] Building C object lib/ADS1115/CMakeFiles/ADS1115.dir/Users/desktop/.pico-sdk/sdk/2.3.1/src/rp2_common/pico_multicore/multicore.c.o
[ 49%] Building C object lib/WiiExtension/CMakeFiles/WiiExtension.dir/__/pico_pio_usb/src/pio_usb_device.c.o
[ 49%] Built target ADS1219
[ 50%] Building C object lib/httpd/CMakeFiles/httpd.dir/fsdata.c.o
[ 50%] Building C object lib/WiiExtension/CMakeFiles/WiiExtension.dir/__/pico_pio_usb/src/usb_crc.c.o
[ 50%] Building C object lib/httpd/CMakeFiles/httpd.dir/Users/desktop/.pico-sdk/sdk/2.3.1/lib/lwip/src/apps/http/httpd.c.o
[ 50%] Building C object lib/httpd/CMakeFiles/httpd.dir/Users/desktop/.pico-sdk/sdk/2.3.1/src/rp2_common/pico_stdlib/stdlib.c.o
[ 50%] Building C object lib/WiiExtension/CMakeFiles/WiiExtension.dir/Users/desktop/.pico-sdk/sdk/2.3.1/src/rp2_common/hardware_pio/pio.c.o
[ 50%] Linking CXX static library libADS1115.a
[ 50%] Building C object lib/httpd/CMakeFiles/httpd.dir/Users/desktop/.pico-sdk/sdk/2.3.1/src/rp2_common/hardware_gpio/gpio.c.o
[ 50%] Building C object lib/WiiExtension/CMakeFiles/WiiExtension.dir/Users/desktop/.pico-sdk/sdk/2.3.1/src/rp2_common/pico_multicore/multicore.c.o
[ 50%] Built target ADS1115
[ 50%] Building C object lib/httpd/CMakeFiles/httpd.dir/Users/desktop/.pico-sdk/sdk/2.3.1/src/rp2040/pico_platform/platform.c.o
[ 50%] Building C object lib/httpd/CMakeFiles/httpd.dir/Users/desktop/.pico-sdk/sdk/2.3.1/src/rp2_common/pico_platform_panic/panic.c.o
[ 50%] Building C object lib/httpd/CMakeFiles/httpd.dir/Users/desktop/.pico-sdk/sdk/2.3.1/src/rp2_common/pico_platform_common/common.c.o
[ 50%] Building ASM object lib/httpd/CMakeFiles/httpd.dir/Users/desktop/.pico-sdk/sdk/2.3.1/src/rp2_common/pico_platform_panic/custom_panic_function.S.o
[ 50%] Building C object lib/httpd/CMakeFiles/httpd.dir/Users/desktop/.pico-sdk/sdk/2.3.1/src/common/hardware_claim/claim.c.o
[ 50%] Building C object lib/httpd/CMakeFiles/httpd.dir/Users/desktop/.pico-sdk/sdk/2.3.1/src/rp2_common/hardware_sync/sync.c.o
[ 50%] Building C object lib/httpd/CMakeFiles/httpd.dir/Users/desktop/.pico-sdk/sdk/2.3.1/src/rp2_common/hardware_sync_spin_lock/sync_spin_lock.c.o
[ 50%] Linking CXX static library libWiiExtension.a
[ 50%] Building ASM object lib/httpd/CMakeFiles/httpd.dir/Users/desktop/.pico-sdk/sdk/2.3.1/src/rp2_common/hardware_irq/irq_handler_chain.S.o
[ 50%] Building C object lib/httpd/CMakeFiles/httpd.dir/Users/desktop/.pico-sdk/sdk/2.3.1/src/rp2_common/hardware_irq/irq.c.o
[ 50%] Building C object lib/httpd/CMakeFiles/httpd.dir/Users/desktop/.pico-sdk/sdk/2.3.1/src/common/pico_sync/sem.c.o
[ 50%] Building C object lib/httpd/CMakeFiles/httpd.dir/Users/desktop/.pico-sdk/sdk/2.3.1/src/common/pico_sync/lock_core.c.o
[ 51%] Building C object lib/httpd/CMakeFiles/httpd.dir/Users/desktop/.pico-sdk/sdk/2.3.1/src/common/pico_sync/mutex.c.o
[ 51%] Building C object lib/httpd/CMakeFiles/httpd.dir/Users/desktop/.pico-sdk/sdk/2.3.1/src/common/pico_sync/critical_section.c.o
[ 51%] Building C object lib/httpd/CMakeFiles/httpd.dir/Users/desktop/.pico-sdk/sdk/2.3.1/src/common/pico_time/time.c.o
[ 51%] Building C object lib/httpd/CMakeFiles/httpd.dir/Users/desktop/.pico-sdk/sdk/2.3.1/src/common/pico_time/timeout_helper.c.o
[ 51%] Built target WiiExtension
[ 51%] Building C object lib/httpd/CMakeFiles/httpd.dir/Users/desktop/.pico-sdk/sdk/2.3.1/src/rp2_common/hardware_timer/timer.c.o
[ 51%] Building C object lib/httpd/CMakeFiles/httpd.dir/Users/desktop/.pico-sdk/sdk/2.3.1/src/common/pico_util/datetime.c.o
[ 51%] Building C object lib/httpd/CMakeFiles/httpd.dir/Users/desktop/.pico-sdk/sdk/2.3.1/src/common/pico_util/pheap.c.o
[ 51%] Building C object lib/httpd/CMakeFiles/httpd.dir/Users/desktop/.pico-sdk/sdk/2.3.1/src/common/pico_util/fixed_bitset.c.o
[ 51%] Building C object lib/httpd/CMakeFiles/httpd.dir/Users/desktop/.pico-sdk/sdk/2.3.1/src/rp2_common/hardware_uart/uart.c.o
[ 51%] Building C object lib/httpd/CMakeFiles/httpd.dir/Users/desktop/.pico-sdk/sdk/2.3.1/src/common/pico_util/queue.c.o
[ 51%] Building C object lib/httpd/CMakeFiles/httpd.dir/Users/desktop/.pico-sdk/sdk/2.3.1/src/rp2_common/hardware_clocks/clocks.c.o
[ 51%] Building C object lib/httpd/CMakeFiles/httpd.dir/Users/desktop/.pico-sdk/sdk/2.3.1/src/rp2_common/hardware_pll/pll.c.o
[ 51%] Building C object lib/httpd/CMakeFiles/httpd.dir/Users/desktop/.pico-sdk/sdk/2.3.1/src/rp2_common/hardware_vreg/vreg.c.o
[ 51%] Building C object lib/httpd/CMakeFiles/httpd.dir/Users/desktop/.pico-sdk/sdk/2.3.1/src/rp2_common/hardware_watchdog/watchdog.c.o
[ 51%] Building C object lib/httpd/CMakeFiles/httpd.dir/Users/desktop/.pico-sdk/sdk/2.3.1/src/rp2_common/hardware_ticks/ticks.c.o
[ 52%] Building C object lib/httpd/CMakeFiles/httpd.dir/Users/desktop/.pico-sdk/sdk/2.3.1/src/rp2_common/pico_bootrom/bootrom.c.o
[ 52%] Building C object lib/httpd/CMakeFiles/httpd.dir/Users/desktop/.pico-sdk/sdk/2.3.1/src/rp2_common/pico_bootrom/bootrom_lock.c.o
[ 52%] Building C object lib/httpd/CMakeFiles/httpd.dir/Users/desktop/.pico-sdk/sdk/2.3.1/src/rp2_common/hardware_boot_lock/boot_lock.c.o
[ 52%] Building C object lib/httpd/CMakeFiles/httpd.dir/Users/desktop/.pico-sdk/sdk/2.3.1/src/rp2_common/pico_flash/flash.c.o
[ 52%] Building C object lib/httpd/CMakeFiles/httpd.dir/Users/desktop/.pico-sdk/sdk/2.3.1/src/rp2_common/hardware_xosc/xosc.c.o
[ 52%] Building ASM object lib/httpd/CMakeFiles/httpd.dir/Users/desktop/.pico-sdk/sdk/2.3.1/src/rp2_common/hardware_divider/divider.S.o
[ 52%] Building C object lib/httpd/CMakeFiles/httpd.dir/Users/desktop/.pico-sdk/sdk/2.3.1/src/rp2_common/pico_runtime_init/runtime_init.c.o
[ 52%] Building C object lib/httpd/CMakeFiles/httpd.dir/Users/desktop/.pico-sdk/sdk/2.3.1/src/rp2_common/pico_runtime/runtime.c.o
[ 52%] Building C object lib/httpd/CMakeFiles/httpd.dir/Users/desktop/.pico-sdk/sdk/2.3.1/src/rp2_common/pico_runtime_init/runtime_init_clocks.c.o
[ 52%] Building C object lib/httpd/CMakeFiles/httpd.dir/Users/desktop/.pico-sdk/sdk/2.3.1/src/rp2_common/pico_runtime_init/runtime_init_stack_guard.c.o
[ 52%] Building C object lib/httpd/CMakeFiles/httpd.dir/Users/desktop/.pico-sdk/sdk/2.3.1/src/rp2_common/hardware_rtc/rtc.c.o
[ 52%] Building ASM object lib/httpd/CMakeFiles/httpd.dir/Users/desktop/.pico-sdk/sdk/2.3.1/src/rp2_common/pico_bit_ops/bit_ops_aeabi.S.o
[ 52%] Building ASM object lib/httpd/CMakeFiles/httpd.dir/Users/desktop/.pico-sdk/sdk/2.3.1/src/rp2_common/pico_double/double_aeabi_rp2040.S.o
[ 52%] Building ASM object lib/httpd/CMakeFiles/httpd.dir/Users/desktop/.pico-sdk/sdk/2.3.1/src/rp2_common/pico_divider/divider_hardware.S.o
[ 52%] Building C object lib/httpd/CMakeFiles/httpd.dir/Users/desktop/.pico-sdk/sdk/2.3.1/src/rp2_common/pico_double/double_init_rom_rp2040.c.o
[ 52%] Building C object lib/httpd/CMakeFiles/httpd.dir/Users/desktop/.pico-sdk/sdk/2.3.1/src/rp2_common/pico_double/double_math.c.o
[ 53%] Building ASM object lib/httpd/CMakeFiles/httpd.dir/Users/desktop/.pico-sdk/sdk/2.3.1/src/rp2_common/pico_double/double_v1_rom_shim_rp2040.S.o
[ 53%] Building ASM object lib/httpd/CMakeFiles/httpd.dir/Users/desktop/.pico-sdk/sdk/2.3.1/src/rp2_common/pico_int64_ops/pico_int64_ops_aeabi.S.o
[ 53%] Building ASM object lib/httpd/CMakeFiles/httpd.dir/Users/desktop/.pico-sdk/sdk/2.3.1/src/rp2_common/pico_float/float_aeabi_rp2040.S.o
[ 53%] Building C object lib/httpd/CMakeFiles/httpd.dir/Users/desktop/.pico-sdk/sdk/2.3.1/src/rp2_common/pico_float/float_init_rom_rp2040.c.o
[ 53%] Building ASM object lib/httpd/CMakeFiles/httpd.dir/Users/desktop/.pico-sdk/sdk/2.3.1/src/rp2_common/pico_float/float_v1_rom_shim_rp2040.S.o
[ 53%] Building C object lib/httpd/CMakeFiles/httpd.dir/Users/desktop/.pico-sdk/sdk/2.3.1/src/rp2_common/pico_float/float_math.c.o
[ 53%] Building C object lib/httpd/CMakeFiles/httpd.dir/Users/desktop/.pico-sdk/sdk/2.3.1/src/rp2_common/pico_malloc/malloc.c.o
[ 53%] Building ASM object lib/httpd/CMakeFiles/httpd.dir/Users/desktop/.pico-sdk/sdk/2.3.1/src/rp2_common/pico_mem_ops/mem_ops_aeabi.S.o
[ 53%] Building C object lib/httpd/CMakeFiles/httpd.dir/Users/desktop/.pico-sdk/sdk/2.3.1/src/rp2_common/pico_atomic/atomic.c.o
[ 53%] Building CXX object lib/httpd/CMakeFiles/httpd.dir/Users/desktop/.pico-sdk/sdk/2.3.1/src/rp2_common/pico_cxx_options/new_delete.cpp.o
[ 53%] Building C object lib/httpd/CMakeFiles/httpd.dir/Users/desktop/.pico-sdk/sdk/2.3.1/src/rp2_common/pico_standard_binary_info/standard_binary_info.c.o
[ 53%] Building C object lib/httpd/CMakeFiles/httpd.dir/Users/desktop/.pico-sdk/sdk/2.3.1/src/rp2_common/pico_printf/printf.c.o
[ 53%] Building ASM object lib/httpd/CMakeFiles/httpd.dir/Users/desktop/.pico-sdk/sdk/2.3.1/src/rp2_common/pico_crt0/crt0.S.o
[ 53%] Building C object lib/httpd/CMakeFiles/httpd.dir/Users/desktop/.pico-sdk/sdk/2.3.1/src/rp2_common/pico_clib_interface/newlib_interface.c.o
[ 53%] Building C object lib/httpd/CMakeFiles/httpd.dir/Users/desktop/.pico-sdk/sdk/2.3.1/src/rp2_common/pico_clib_interface/cxa_guard.c.o
[ 54%] Building C object lib/httpd/CMakeFiles/httpd.dir/Users/desktop/.pico-sdk/sdk/2.3.1/src/rp2_common/pico_stdio/stdio.c.o
[ 54%] Building C object lib/httpd/CMakeFiles/httpd.dir/Users/desktop/.pico-sdk/sdk/2.3.1/src/rp2_common/pico_stdio_uart/stdio_uart.c.o
[ 54%] Building C object lib/httpd/CMakeFiles/httpd.dir/Users/desktop/.pico-sdk/sdk/2.3.1/src/rp2_common/pico_thread_local/thread_local.c.o
[ 54%] Building C object lib/httpd/CMakeFiles/httpd.dir/Users/desktop/.pico-sdk/sdk/2.3.1/lib/lwip/src/core/init.c.o
[ 54%] Building C object lib/httpd/CMakeFiles/httpd.dir/Users/desktop/.pico-sdk/sdk/2.3.1/lib/lwip/src/core/def.c.o
[ 54%] Building C object lib/httpd/CMakeFiles/httpd.dir/Users/desktop/.pico-sdk/sdk/2.3.1/lib/lwip/src/core/dns.c.o
[ 54%] Building C object lib/httpd/CMakeFiles/httpd.dir/Users/desktop/.pico-sdk/sdk/2.3.1/lib/lwip/src/core/inet_chksum.c.o
[ 54%] Building C object lib/httpd/CMakeFiles/httpd.dir/Users/desktop/.pico-sdk/sdk/2.3.1/lib/lwip/src/core/mem.c.o
[ 54%] Building C object lib/httpd/CMakeFiles/httpd.dir/Users/desktop/.pico-sdk/sdk/2.3.1/lib/lwip/src/core/ip.c.o
[ 54%] Building C object lib/httpd/CMakeFiles/httpd.dir/Users/desktop/.pico-sdk/sdk/2.3.1/lib/lwip/src/core/memp.c.o
[ 54%] Building C object lib/httpd/CMakeFiles/httpd.dir/Users/desktop/.pico-sdk/sdk/2.3.1/lib/lwip/src/core/netif.c.o
[ 54%] Building C object lib/httpd/CMakeFiles/httpd.dir/Users/desktop/.pico-sdk/sdk/2.3.1/lib/lwip/src/core/pbuf.c.o
[ 54%] Building C object lib/httpd/CMakeFiles/httpd.dir/Users/desktop/.pico-sdk/sdk/2.3.1/lib/lwip/src/core/raw.c.o
[ 54%] Building C object lib/httpd/CMakeFiles/httpd.dir/Users/desktop/.pico-sdk/sdk/2.3.1/lib/lwip/src/core/stats.c.o
[ 54%] Building C object lib/httpd/CMakeFiles/httpd.dir/Users/desktop/.pico-sdk/sdk/2.3.1/lib/lwip/src/core/sys.c.o
[ 55%] Building C object lib/httpd/CMakeFiles/httpd.dir/Users/desktop/.pico-sdk/sdk/2.3.1/lib/lwip/src/core/altcp.c.o
[ 55%] Building C object lib/httpd/CMakeFiles/httpd.dir/Users/desktop/.pico-sdk/sdk/2.3.1/lib/lwip/src/core/altcp_alloc.c.o
[ 55%] Building C object lib/httpd/CMakeFiles/httpd.dir/Users/desktop/.pico-sdk/sdk/2.3.1/lib/lwip/src/core/altcp_tcp.c.o
[ 55%] Building C object lib/httpd/CMakeFiles/httpd.dir/Users/desktop/.pico-sdk/sdk/2.3.1/lib/lwip/src/core/tcp.c.o
[ 55%] Building C object lib/httpd/CMakeFiles/httpd.dir/Users/desktop/.pico-sdk/sdk/2.3.1/lib/lwip/src/core/tcp_in.c.o
[ 55%] Building C object lib/httpd/CMakeFiles/httpd.dir/Users/desktop/.pico-sdk/sdk/2.3.1/lib/lwip/src/core/tcp_out.c.o
[ 55%] Building C object lib/httpd/CMakeFiles/httpd.dir/Users/desktop/.pico-sdk/sdk/2.3.1/lib/lwip/src/core/timeouts.c.o
[ 55%] Building C object lib/httpd/CMakeFiles/httpd.dir/Users/desktop/.pico-sdk/sdk/2.3.1/lib/lwip/src/core/udp.c.o
[ 55%] Building C object lib/httpd/CMakeFiles/httpd.dir/Users/desktop/.pico-sdk/sdk/2.3.1/lib/lwip/src/core/ipv4/autoip.c.o
[ 55%] Building C object lib/httpd/CMakeFiles/httpd.dir/Users/desktop/.pico-sdk/sdk/2.3.1/lib/lwip/src/core/ipv4/dhcp.c.o
[ 55%] Building C object lib/httpd/CMakeFiles/httpd.dir/Users/desktop/.pico-sdk/sdk/2.3.1/lib/lwip/src/core/ipv4/etharp.c.o
[ 55%] Building C object lib/httpd/CMakeFiles/httpd.dir/Users/desktop/.pico-sdk/sdk/2.3.1/lib/lwip/src/core/ipv4/icmp.c.o
[ 55%] Building C object lib/httpd/CMakeFiles/httpd.dir/Users/desktop/.pico-sdk/sdk/2.3.1/lib/lwip/src/core/ipv4/igmp.c.o
[ 55%] Building C object lib/httpd/CMakeFiles/httpd.dir/Users/desktop/.pico-sdk/sdk/2.3.1/lib/lwip/src/core/ipv4/ip4_frag.c.o
[ 55%] Building C object lib/httpd/CMakeFiles/httpd.dir/Users/desktop/.pico-sdk/sdk/2.3.1/lib/lwip/src/core/ipv4/ip4.c.o
[ 56%] Building C object lib/httpd/CMakeFiles/httpd.dir/Users/desktop/.pico-sdk/sdk/2.3.1/lib/lwip/src/core/ipv4/ip4_addr.c.o
[ 56%] Building C object lib/httpd/CMakeFiles/httpd.dir/Users/desktop/.pico-sdk/sdk/2.3.1/lib/lwip/src/core/ipv4/acd.c.o
[ 56%] Building C object lib/httpd/CMakeFiles/httpd.dir/Users/desktop/.pico-sdk/sdk/2.3.1/lib/lwip/src/core/ipv6/dhcp6.c.o
[ 56%] Building C object lib/httpd/CMakeFiles/httpd.dir/Users/desktop/.pico-sdk/sdk/2.3.1/lib/lwip/src/core/ipv6/ethip6.c.o
[ 56%] Building C object lib/httpd/CMakeFiles/httpd.dir/Users/desktop/.pico-sdk/sdk/2.3.1/lib/lwip/src/core/ipv6/icmp6.c.o
[ 56%] Building C object lib/httpd/CMakeFiles/httpd.dir/Users/desktop/.pico-sdk/sdk/2.3.1/lib/lwip/src/core/ipv6/inet6.c.o
[ 56%] Building C object lib/httpd/CMakeFiles/httpd.dir/Users/desktop/.pico-sdk/sdk/2.3.1/lib/lwip/src/core/ipv6/ip6.c.o
[ 56%] Building C object lib/httpd/CMakeFiles/httpd.dir/Users/desktop/.pico-sdk/sdk/2.3.1/lib/lwip/src/core/ipv6/ip6_addr.c.o
[ 56%] Building C object lib/httpd/CMakeFiles/httpd.dir/Users/desktop/.pico-sdk/sdk/2.3.1/lib/lwip/src/core/ipv6/ip6_frag.c.o
[ 56%] Building C object lib/httpd/CMakeFiles/httpd.dir/Users/desktop/.pico-sdk/sdk/2.3.1/lib/lwip/src/core/ipv6/nd6.c.o
[ 56%] Building C object lib/httpd/CMakeFiles/httpd.dir/Users/desktop/.pico-sdk/sdk/2.3.1/lib/lwip/src/core/ipv6/mld6.c.o
[ 56%] Building C object lib/httpd/CMakeFiles/httpd.dir/Users/desktop/.pico-sdk/sdk/2.3.1/lib/lwip/src/api/api_lib.c.o
[ 56%] Building C object lib/httpd/CMakeFiles/httpd.dir/Users/desktop/.pico-sdk/sdk/2.3.1/lib/lwip/src/api/api_msg.c.o
[ 56%] Building C object lib/httpd/CMakeFiles/httpd.dir/Users/desktop/.pico-sdk/sdk/2.3.1/lib/lwip/src/api/err.c.o
[ 56%] Building C object lib/httpd/CMakeFiles/httpd.dir/Users/desktop/.pico-sdk/sdk/2.3.1/lib/lwip/src/api/if_api.c.o
[ 57%] Building C object lib/httpd/CMakeFiles/httpd.dir/Users/desktop/.pico-sdk/sdk/2.3.1/lib/lwip/src/api/netbuf.c.o
[ 57%] Building C object lib/httpd/CMakeFiles/httpd.dir/Users/desktop/.pico-sdk/sdk/2.3.1/lib/lwip/src/api/netdb.c.o
[ 57%] Building C object lib/httpd/CMakeFiles/httpd.dir/Users/desktop/.pico-sdk/sdk/2.3.1/lib/lwip/src/api/netifapi.c.o
[ 57%] Building C object lib/httpd/CMakeFiles/httpd.dir/Users/desktop/.pico-sdk/sdk/2.3.1/lib/lwip/src/api/sockets.c.o
[ 57%] Building C object lib/httpd/CMakeFiles/httpd.dir/Users/desktop/.pico-sdk/sdk/2.3.1/lib/lwip/src/api/tcpip.c.o
[ 57%] Building C object lib/httpd/CMakeFiles/httpd.dir/Users/desktop/.pico-sdk/sdk/2.3.1/lib/lwip/src/netif/ethernet.c.o
[ 57%] Building C object lib/httpd/CMakeFiles/httpd.dir/Users/desktop/.pico-sdk/sdk/2.3.1/lib/lwip/src/netif/bridgeif.c.o
[ 57%] Building C object lib/httpd/CMakeFiles/httpd.dir/Users/desktop/.pico-sdk/sdk/2.3.1/lib/lwip/src/netif/bridgeif_fdb.c.o
[ 57%] Building C object lib/httpd/CMakeFiles/httpd.dir/Users/desktop/.pico-sdk/sdk/2.3.1/lib/lwip/src/netif/slipif.c.o
[ 57%] Building C object lib/httpd/CMakeFiles/httpd.dir/Users/desktop/.pico-sdk/sdk/2.3.1/lib/lwip/src/netif/lowpan6_common.c.o
[ 57%] Building C object lib/httpd/CMakeFiles/httpd.dir/Users/desktop/.pico-sdk/sdk/2.3.1/lib/lwip/src/netif/lowpan6.c.o
[ 57%] Building C object lib/httpd/CMakeFiles/httpd.dir/Users/desktop/.pico-sdk/sdk/2.3.1/lib/lwip/src/netif/lowpan6_ble.c.o
[ 57%] Building C object lib/httpd/CMakeFiles/httpd.dir/Users/desktop/.pico-sdk/sdk/2.3.1/lib/lwip/src/netif/zepif.c.o
[ 57%] Building C object lib/httpd/CMakeFiles/httpd.dir/Users/desktop/.pico-sdk/sdk/2.3.1/lib/lwip/src/netif/ppp/auth.c.o
[ 57%] Building C object lib/httpd/CMakeFiles/httpd.dir/Users/desktop/.pico-sdk/sdk/2.3.1/lib/lwip/src/netif/ppp/ccp.c.o
[ 58%] Building C object lib/httpd/CMakeFiles/httpd.dir/Users/desktop/.pico-sdk/sdk/2.3.1/lib/lwip/src/netif/ppp/chap-md5.c.o
[ 58%] Building C object lib/httpd/CMakeFiles/httpd.dir/Users/desktop/.pico-sdk/sdk/2.3.1/lib/lwip/src/netif/ppp/chap_ms.c.o
[ 58%] Building C object lib/httpd/CMakeFiles/httpd.dir/Users/desktop/.pico-sdk/sdk/2.3.1/lib/lwip/src/netif/ppp/chap-new.c.o
[ 58%] Building C object lib/httpd/CMakeFiles/httpd.dir/Users/desktop/.pico-sdk/sdk/2.3.1/lib/lwip/src/netif/ppp/demand.c.o
[ 58%] Building C object lib/httpd/CMakeFiles/httpd.dir/Users/desktop/.pico-sdk/sdk/2.3.1/lib/lwip/src/netif/ppp/eap.c.o
[ 58%] Building C object lib/httpd/CMakeFiles/httpd.dir/Users/desktop/.pico-sdk/sdk/2.3.1/lib/lwip/src/netif/ppp/ecp.c.o
[ 58%] Building C object lib/httpd/CMakeFiles/httpd.dir/Users/desktop/.pico-sdk/sdk/2.3.1/lib/lwip/src/netif/ppp/eui64.c.o
[ 58%] Building C object lib/httpd/CMakeFiles/httpd.dir/Users/desktop/.pico-sdk/sdk/2.3.1/lib/lwip/src/netif/ppp/fsm.c.o
[ 58%] Building C object lib/httpd/CMakeFiles/httpd.dir/Users/desktop/.pico-sdk/sdk/2.3.1/lib/lwip/src/netif/ppp/ipcp.c.o
[ 58%] Building C object lib/httpd/CMakeFiles/httpd.dir/Users/desktop/.pico-sdk/sdk/2.3.1/lib/lwip/src/netif/ppp/ipv6cp.c.o
[ 58%] Building C object lib/httpd/CMakeFiles/httpd.dir/Users/desktop/.pico-sdk/sdk/2.3.1/lib/lwip/src/netif/ppp/lcp.c.o
[ 58%] Building C object lib/httpd/CMakeFiles/httpd.dir/Users/desktop/.pico-sdk/sdk/2.3.1/lib/lwip/src/netif/ppp/magic.c.o
[ 58%] Building C object lib/httpd/CMakeFiles/httpd.dir/Users/desktop/.pico-sdk/sdk/2.3.1/lib/lwip/src/netif/ppp/mppe.c.o
[ 58%] Building C object lib/httpd/CMakeFiles/httpd.dir/Users/desktop/.pico-sdk/sdk/2.3.1/lib/lwip/src/netif/ppp/multilink.c.o
[ 58%] Building C object lib/httpd/CMakeFiles/httpd.dir/Users/desktop/.pico-sdk/sdk/2.3.1/lib/lwip/src/netif/ppp/ppp.c.o
[ 59%] Building C object lib/httpd/CMakeFiles/httpd.dir/Users/desktop/.pico-sdk/sdk/2.3.1/lib/lwip/src/netif/ppp/pppapi.c.o
[ 59%] Building C object lib/httpd/CMakeFiles/httpd.dir/Users/desktop/.pico-sdk/sdk/2.3.1/lib/lwip/src/netif/ppp/pppcrypt.c.o
[ 59%] Building C object lib/httpd/CMakeFiles/httpd.dir/Users/desktop/.pico-sdk/sdk/2.3.1/lib/lwip/src/netif/ppp/pppoe.c.o
[ 59%] Building C object lib/httpd/CMakeFiles/httpd.dir/Users/desktop/.pico-sdk/sdk/2.3.1/lib/lwip/src/netif/ppp/pppol2tp.c.o
[ 59%] Building C object lib/httpd/CMakeFiles/httpd.dir/Users/desktop/.pico-sdk/sdk/2.3.1/lib/lwip/src/netif/ppp/pppos.c.o
[ 59%] Building C object lib/httpd/CMakeFiles/httpd.dir/Users/desktop/.pico-sdk/sdk/2.3.1/lib/lwip/src/netif/ppp/upap.c.o
[ 59%] Building C object lib/httpd/CMakeFiles/httpd.dir/Users/desktop/.pico-sdk/sdk/2.3.1/lib/lwip/src/netif/ppp/vj.c.o
[ 59%] Building C object lib/httpd/CMakeFiles/httpd.dir/Users/desktop/.pico-sdk/sdk/2.3.1/lib/lwip/src/netif/ppp/utils.c.o
[ 59%] Building C object lib/httpd/CMakeFiles/httpd.dir/Users/desktop/.pico-sdk/sdk/2.3.1/lib/lwip/src/netif/ppp/polarssl/arc4.c.o
[ 59%] Building C object lib/httpd/CMakeFiles/httpd.dir/Users/desktop/.pico-sdk/sdk/2.3.1/lib/lwip/src/netif/ppp/polarssl/des.c.o
[ 59%] Building C object lib/httpd/CMakeFiles/httpd.dir/Users/desktop/.pico-sdk/sdk/2.3.1/lib/lwip/src/netif/ppp/polarssl/md4.c.o
[ 59%] Building C object lib/httpd/CMakeFiles/httpd.dir/Users/desktop/.pico-sdk/sdk/2.3.1/lib/lwip/src/netif/ppp/polarssl/md5.c.o
[ 59%] Building C object lib/httpd/CMakeFiles/httpd.dir/Users/desktop/.pico-sdk/sdk/2.3.1/lib/lwip/src/netif/ppp/polarssl/sha1.c.o
[ 59%] Building C object lib/httpd/CMakeFiles/httpd.dir/Users/desktop/.pico-sdk/sdk/2.3.1/lib/lwip/src/apps/mdns/mdns.c.o
[ 59%] Building C object lib/httpd/CMakeFiles/httpd.dir/Users/desktop/.pico-sdk/sdk/2.3.1/lib/lwip/src/apps/mdns/mdns_out.c.o
[ 59%] Building C object lib/httpd/CMakeFiles/httpd.dir/Users/desktop/.pico-sdk/sdk/2.3.1/lib/lwip/src/apps/mdns/mdns_domain.c.o
[ 60%] Building C object lib/httpd/CMakeFiles/httpd.dir/Users/desktop/.pico-sdk/sdk/2.3.1/src/rp2_common/pico_rand/rand.c.o
[ 60%] Building C object lib/httpd/CMakeFiles/httpd.dir/Users/desktop/.pico-sdk/sdk/2.3.1/src/rp2_common/pico_unique_id/unique_id.c.o
[ 60%] Building C object lib/httpd/CMakeFiles/httpd.dir/Users/desktop/.pico-sdk/sdk/2.3.1/src/rp2_common/hardware_flash/flash.c.o
[ 60%] Building C object lib/httpd/CMakeFiles/httpd.dir/Users/desktop/.pico-sdk/sdk/2.3.1/src/rp2_common/hardware_xip_cache/xip_cache.c.o
[ 60%] Linking CXX static library libhttpd.a
[ 60%] Built target httpd
[ 60%] Building C object lib/rndis/CMakeFiles/rndis.dir/rndis.c.o
[ 60%] Building C object lib/rndis/CMakeFiles/rndis.dir/Users/desktop/.pico-sdk/sdk/2.3.1/lib/tinyusb/lib/networking/rndis_reports.c.o
[ 60%] Building C object lib/rndis/CMakeFiles/rndis.dir/Users/desktop/.pico-sdk/sdk/2.3.1/src/rp2_common/hardware_gpio/gpio.c.o
[ 60%] Building C object lib/rndis/CMakeFiles/rndis.dir/Users/desktop/.pico-sdk/sdk/2.3.1/src/rp2_common/pico_platform_common/common.c.o
[ 60%] Building C object lib/rndis/CMakeFiles/rndis.dir/Users/desktop/.pico-sdk/sdk/2.3.1/src/rp2_common/pico_stdlib/stdlib.c.o
[ 60%] Building ASM object lib/rndis/CMakeFiles/rndis.dir/Users/desktop/.pico-sdk/sdk/2.3.1/src/rp2_common/pico_platform_panic/custom_panic_function.S.o
[ 60%] Building C object lib/rndis/CMakeFiles/rndis.dir/Users/desktop/.pico-sdk/sdk/2.3.1/src/rp2_common/pico_platform_panic/panic.c.o
[ 60%] Building C object lib/rndis/CMakeFiles/rndis.dir/Users/desktop/.pico-sdk/sdk/2.3.1/src/rp2040/pico_platform/platform.c.o
[ 60%] Building C object lib/rndis/CMakeFiles/rndis.dir/Users/desktop/.pico-sdk/sdk/2.3.1/src/common/hardware_claim/claim.c.o
[ 60%] Building C object lib/rndis/CMakeFiles/rndis.dir/Users/desktop/.pico-sdk/sdk/2.3.1/src/rp2_common/hardware_sync_spin_lock/sync_spin_lock.c.o
[ 60%] Building C object lib/rndis/CMakeFiles/rndis.dir/Users/desktop/.pico-sdk/sdk/2.3.1/src/rp2_common/hardware_sync/sync.c.o
[ 60%] Building C object lib/rndis/CMakeFiles/rndis.dir/Users/desktop/.pico-sdk/sdk/2.3.1/src/rp2_common/hardware_irq/irq.c.o
[ 60%] Building ASM object lib/rndis/CMakeFiles/rndis.dir/Users/desktop/.pico-sdk/sdk/2.3.1/src/rp2_common/hardware_irq/irq_handler_chain.S.o
[ 60%] Building C object lib/rndis/CMakeFiles/rndis.dir/Users/desktop/.pico-sdk/sdk/2.3.1/src/common/pico_sync/sem.c.o
[ 61%] Building C object lib/rndis/CMakeFiles/rndis.dir/Users/desktop/.pico-sdk/sdk/2.3.1/src/common/pico_sync/lock_core.c.o
[ 61%] Building C object lib/rndis/CMakeFiles/rndis.dir/Users/desktop/.pico-sdk/sdk/2.3.1/src/common/pico_sync/critical_section.c.o
[ 61%] Building C object lib/rndis/CMakeFiles/rndis.dir/Users/desktop/.pico-sdk/sdk/2.3.1/src/common/pico_sync/mutex.c.o
[ 61%] Building C object lib/rndis/CMakeFiles/rndis.dir/Users/desktop/.pico-sdk/sdk/2.3.1/src/common/pico_time/time.c.o
[ 61%] Building C object lib/rndis/CMakeFiles/rndis.dir/Users/desktop/.pico-sdk/sdk/2.3.1/src/common/pico_time/timeout_helper.c.o
[ 61%] Building C object lib/rndis/CMakeFiles/rndis.dir/Users/desktop/.pico-sdk/sdk/2.3.1/src/rp2_common/hardware_timer/timer.c.o
[ 61%] Building C object lib/rndis/CMakeFiles/rndis.dir/Users/desktop/.pico-sdk/sdk/2.3.1/src/common/pico_util/datetime.c.o
[ 61%] Building C object lib/rndis/CMakeFiles/rndis.dir/Users/desktop/.pico-sdk/sdk/2.3.1/src/common/pico_util/fixed_bitset.c.o
[ 61%] Building C object lib/rndis/CMakeFiles/rndis.dir/Users/desktop/.pico-sdk/sdk/2.3.1/src/common/pico_util/pheap.c.o
[ 61%] Building C object lib/rndis/CMakeFiles/rndis.dir/Users/desktop/.pico-sdk/sdk/2.3.1/src/common/pico_util/queue.c.o
[ 61%] Building C object lib/rndis/CMakeFiles/rndis.dir/Users/desktop/.pico-sdk/sdk/2.3.1/src/rp2_common/hardware_uart/uart.c.o
[ 61%] Building C object lib/rndis/CMakeFiles/rndis.dir/Users/desktop/.pico-sdk/sdk/2.3.1/src/rp2_common/hardware_clocks/clocks.c.o
[ 61%] Building C object lib/rndis/CMakeFiles/rndis.dir/Users/desktop/.pico-sdk/sdk/2.3.1/src/rp2_common/hardware_pll/pll.c.o
[ 61%] Building C object lib/rndis/CMakeFiles/rndis.dir/Users/desktop/.pico-sdk/sdk/2.3.1/src/rp2_common/hardware_vreg/vreg.c.o
[ 61%] Building C object lib/rndis/CMakeFiles/rndis.dir/Users/desktop/.pico-sdk/sdk/2.3.1/src/rp2_common/hardware_watchdog/watchdog.c.o
[ 62%] Building C object lib/rndis/CMakeFiles/rndis.dir/Users/desktop/.pico-sdk/sdk/2.3.1/src/rp2_common/hardware_ticks/ticks.c.o
[ 62%] Building C object lib/rndis/CMakeFiles/rndis.dir/Users/desktop/.pico-sdk/sdk/2.3.1/src/rp2_common/pico_bootrom/bootrom.c.o
[ 62%] Building C object lib/rndis/CMakeFiles/rndis.dir/Users/desktop/.pico-sdk/sdk/2.3.1/src/rp2_common/pico_bootrom/bootrom_lock.c.o
[ 62%] Building C object lib/rndis/CMakeFiles/rndis.dir/Users/desktop/.pico-sdk/sdk/2.3.1/src/rp2_common/hardware_boot_lock/boot_lock.c.o
[ 62%] Building C object lib/rndis/CMakeFiles/rndis.dir/Users/desktop/.pico-sdk/sdk/2.3.1/src/rp2_common/pico_flash/flash.c.o
[ 62%] Building C object lib/rndis/CMakeFiles/rndis.dir/Users/desktop/.pico-sdk/sdk/2.3.1/src/rp2_common/hardware_xosc/xosc.c.o
[ 62%] Building ASM object lib/rndis/CMakeFiles/rndis.dir/Users/desktop/.pico-sdk/sdk/2.3.1/src/rp2_common/hardware_divider/divider.S.o
[ 62%] Building C object lib/rndis/CMakeFiles/rndis.dir/Users/desktop/.pico-sdk/sdk/2.3.1/src/rp2_common/pico_runtime_init/runtime_init.c.o
[ 62%] Building C object lib/rndis/CMakeFiles/rndis.dir/Users/desktop/.pico-sdk/sdk/2.3.1/src/rp2_common/pico_runtime/runtime.c.o
[ 62%] Building C object lib/rndis/CMakeFiles/rndis.dir/Users/desktop/.pico-sdk/sdk/2.3.1/src/rp2_common/pico_runtime_init/runtime_init_clocks.c.o
[ 62%] Building C object lib/rndis/CMakeFiles/rndis.dir/Users/desktop/.pico-sdk/sdk/2.3.1/src/rp2_common/pico_runtime_init/runtime_init_stack_guard.c.o
[ 62%] Building C object lib/rndis/CMakeFiles/rndis.dir/Users/desktop/.pico-sdk/sdk/2.3.1/src/rp2_common/hardware_rtc/rtc.c.o
[ 62%] Building ASM object lib/rndis/CMakeFiles/rndis.dir/Users/desktop/.pico-sdk/sdk/2.3.1/src/rp2_common/pico_bit_ops/bit_ops_aeabi.S.o
[ 62%] Building ASM object lib/rndis/CMakeFiles/rndis.dir/Users/desktop/.pico-sdk/sdk/2.3.1/src/rp2_common/pico_divider/divider_hardware.S.o
[ 62%] Building ASM object lib/rndis/CMakeFiles/rndis.dir/Users/desktop/.pico-sdk/sdk/2.3.1/src/rp2_common/pico_double/double_aeabi_rp2040.S.o
[ 63%] Building C object lib/rndis/CMakeFiles/rndis.dir/Users/desktop/.pico-sdk/sdk/2.3.1/src/rp2_common/pico_double/double_init_rom_rp2040.c.o
[ 63%] Building C object lib/rndis/CMakeFiles/rndis.dir/Users/desktop/.pico-sdk/sdk/2.3.1/src/rp2_common/pico_double/double_math.c.o
[ 63%] Building ASM object lib/rndis/CMakeFiles/rndis.dir/Users/desktop/.pico-sdk/sdk/2.3.1/src/rp2_common/pico_int64_ops/pico_int64_ops_aeabi.S.o
[ 63%] Building ASM object lib/rndis/CMakeFiles/rndis.dir/Users/desktop/.pico-sdk/sdk/2.3.1/src/rp2_common/pico_double/double_v1_rom_shim_rp2040.S.o
[ 63%] Building ASM object lib/rndis/CMakeFiles/rndis.dir/Users/desktop/.pico-sdk/sdk/2.3.1/src/rp2_common/pico_float/float_aeabi_rp2040.S.o
[ 63%] Building C object lib/rndis/CMakeFiles/rndis.dir/Users/desktop/.pico-sdk/sdk/2.3.1/src/rp2_common/pico_float/float_init_rom_rp2040.c.o
[ 63%] Building C object lib/rndis/CMakeFiles/rndis.dir/Users/desktop/.pico-sdk/sdk/2.3.1/src/rp2_common/pico_float/float_math.c.o
[ 63%] Building ASM object lib/rndis/CMakeFiles/rndis.dir/Users/desktop/.pico-sdk/sdk/2.3.1/src/rp2_common/pico_float/float_v1_rom_shim_rp2040.S.o
[ 63%] Building C object lib/rndis/CMakeFiles/rndis.dir/Users/desktop/.pico-sdk/sdk/2.3.1/src/rp2_common/pico_malloc/malloc.c.o
[ 63%] Building ASM object lib/rndis/CMakeFiles/rndis.dir/Users/desktop/.pico-sdk/sdk/2.3.1/src/rp2_common/pico_mem_ops/mem_ops_aeabi.S.o
[ 63%] Building CXX object lib/rndis/CMakeFiles/rndis.dir/Users/desktop/.pico-sdk/sdk/2.3.1/src/rp2_common/pico_cxx_options/new_delete.cpp.o
[ 63%] Building C object lib/rndis/CMakeFiles/rndis.dir/Users/desktop/.pico-sdk/sdk/2.3.1/src/rp2_common/pico_atomic/atomic.c.o
[ 63%] Building C object lib/rndis/CMakeFiles/rndis.dir/Users/desktop/.pico-sdk/sdk/2.3.1/src/rp2_common/pico_standard_binary_info/standard_binary_info.c.o
[ 63%] Building C object lib/rndis/CMakeFiles/rndis.dir/Users/desktop/.pico-sdk/sdk/2.3.1/src/rp2_common/pico_printf/printf.c.o
[ 63%] Building ASM object lib/rndis/CMakeFiles/rndis.dir/Users/desktop/.pico-sdk/sdk/2.3.1/src/rp2_common/pico_crt0/crt0.S.o
[ 64%] Building C object lib/rndis/CMakeFiles/rndis.dir/Users/desktop/.pico-sdk/sdk/2.3.1/src/rp2_common/pico_clib_interface/newlib_interface.c.o
[ 64%] Building C object lib/rndis/CMakeFiles/rndis.dir/Users/desktop/.pico-sdk/sdk/2.3.1/src/rp2_common/pico_clib_interface/cxa_guard.c.o
[ 64%] Building C object lib/rndis/CMakeFiles/rndis.dir/Users/desktop/.pico-sdk/sdk/2.3.1/src/rp2_common/pico_stdio/stdio.c.o
[ 64%] Building C object lib/rndis/CMakeFiles/rndis.dir/__/tinyusb/src/portable/raspberrypi/rp2040/dcd_rp2040.c.o
[ 64%] Building C object lib/rndis/CMakeFiles/rndis.dir/Users/desktop/.pico-sdk/sdk/2.3.1/src/rp2_common/pico_stdio_uart/stdio_uart.c.o
[ 64%] Building C object lib/rndis/CMakeFiles/rndis.dir/Users/desktop/.pico-sdk/sdk/2.3.1/src/rp2_common/pico_thread_local/thread_local.c.o
[ 64%] Building C object lib/rndis/CMakeFiles/rndis.dir/__/tinyusb/src/portable/raspberrypi/rp2040/rp2040_usb.c.o
[ 64%] Building C object lib/rndis/CMakeFiles/rndis.dir/__/tinyusb/src/device/usbd.c.o
[ 64%] Building C object lib/rndis/CMakeFiles/rndis.dir/__/tinyusb/src/class/audio/audio_device.c.o
[ 64%] Building C object lib/rndis/CMakeFiles/rndis.dir/__/tinyusb/src/class/cdc/cdc_device.c.o
[ 64%] Building C object lib/rndis/CMakeFiles/rndis.dir/__/tinyusb/src/class/dfu/dfu_device.c.o
[ 64%] Building C object lib/rndis/CMakeFiles/rndis.dir/__/tinyusb/src/class/dfu/dfu_rt_device.c.o
[ 64%] Building C object lib/rndis/CMakeFiles/rndis.dir/__/tinyusb/src/class/hid/hid_device.c.o
[ 64%] Building C object lib/rndis/CMakeFiles/rndis.dir/__/tinyusb/src/class/midi/midi_device.c.o
[ 64%] Building C object lib/rndis/CMakeFiles/rndis.dir/__/tinyusb/src/class/midi/midi2_device.c.o
[ 65%] Building C object lib/rndis/CMakeFiles/rndis.dir/__/tinyusb/src/class/mtp/mtp_device.c.o
[ 65%] Building C object lib/rndis/CMakeFiles/rndis.dir/__/tinyusb/src/class/msc/msc_device.c.o
[ 65%] Building C object lib/rndis/CMakeFiles/rndis.dir/__/tinyusb/src/class/net/ecm_rndis_device.c.o
[ 65%] Building C object lib/rndis/CMakeFiles/rndis.dir/__/tinyusb/src/class/net/ncm_device.c.o
[ 65%] Building C object lib/rndis/CMakeFiles/rndis.dir/__/tinyusb/src/class/printer/printer_device.c.o
[ 65%] Building C object lib/rndis/CMakeFiles/rndis.dir/__/tinyusb/src/class/usbtmc/usbtmc_device.c.o
[ 65%] Building C object lib/rndis/CMakeFiles/rndis.dir/__/tinyusb/src/class/vendor/vendor_device.c.o
[ 65%] Building C object lib/rndis/CMakeFiles/rndis.dir/__/tinyusb/src/class/video/video_device.c.o
[ 65%] Building C object lib/rndis/CMakeFiles/rndis.dir/__/tinyusb/src/portable/raspberrypi/pio_usb/dcd_pio_usb.c.o
[ 65%] Building C object lib/rndis/CMakeFiles/rndis.dir/__/tinyusb/src/tusb.c.o
[ 65%] Building C object lib/rndis/CMakeFiles/rndis.dir/__/tinyusb/src/common/tusb_fifo.c.o
[ 65%] Building C object lib/rndis/CMakeFiles/rndis.dir/Users/desktop/.pico-sdk/sdk/2.3.1/lib/lwip/src/core/def.c.o
[ 65%] Building C object lib/rndis/CMakeFiles/rndis.dir/Users/desktop/.pico-sdk/sdk/2.3.1/lib/lwip/src/core/dns.c.o
[ 65%] Building C object lib/rndis/CMakeFiles/rndis.dir/Users/desktop/.pico-sdk/sdk/2.3.1/lib/lwip/src/core/inet_chksum.c.o
[ 65%] Building C object lib/rndis/CMakeFiles/rndis.dir/Users/desktop/.pico-sdk/sdk/2.3.1/lib/lwip/src/core/init.c.o
[ 65%] Building C object lib/rndis/CMakeFiles/rndis.dir/Users/desktop/.pico-sdk/sdk/2.3.1/src/rp2_common/pico_fix/rp2040_usb_device_enumeration/rp2040_usb_device_enumeration.c.o
[ 66%] Building C object lib/rndis/CMakeFiles/rndis.dir/Users/desktop/.pico-sdk/sdk/2.3.1/lib/lwip/src/core/ip.c.o
[ 66%] Building C object lib/rndis/CMakeFiles/rndis.dir/Users/desktop/.pico-sdk/sdk/2.3.1/lib/lwip/src/core/mem.c.o
[ 66%] Building C object lib/rndis/CMakeFiles/rndis.dir/Users/desktop/.pico-sdk/sdk/2.3.1/lib/lwip/src/core/memp.c.o
[ 66%] Building C object lib/rndis/CMakeFiles/rndis.dir/Users/desktop/.pico-sdk/sdk/2.3.1/lib/lwip/src/core/netif.c.o
[ 66%] Building C object lib/rndis/CMakeFiles/rndis.dir/Users/desktop/.pico-sdk/sdk/2.3.1/lib/lwip/src/core/pbuf.c.o
[ 66%] Building C object lib/rndis/CMakeFiles/rndis.dir/Users/desktop/.pico-sdk/sdk/2.3.1/lib/lwip/src/core/raw.c.o
[ 66%] Building C object lib/rndis/CMakeFiles/rndis.dir/Users/desktop/.pico-sdk/sdk/2.3.1/lib/lwip/src/core/stats.c.o
[ 66%] Building C object lib/rndis/CMakeFiles/rndis.dir/Users/desktop/.pico-sdk/sdk/2.3.1/lib/lwip/src/core/sys.c.o
[ 66%] Building C object lib/rndis/CMakeFiles/rndis.dir/Users/desktop/.pico-sdk/sdk/2.3.1/lib/lwip/src/core/altcp_alloc.c.o
[ 66%] Building C object lib/rndis/CMakeFiles/rndis.dir/Users/desktop/.pico-sdk/sdk/2.3.1/lib/lwip/src/core/altcp.c.o
[ 66%] Building C object lib/rndis/CMakeFiles/rndis.dir/Users/desktop/.pico-sdk/sdk/2.3.1/lib/lwip/src/core/altcp_tcp.c.o
[ 66%] Building C object lib/rndis/CMakeFiles/rndis.dir/Users/desktop/.pico-sdk/sdk/2.3.1/lib/lwip/src/core/tcp.c.o
[ 66%] Building C object lib/rndis/CMakeFiles/rndis.dir/Users/desktop/.pico-sdk/sdk/2.3.1/lib/lwip/src/core/tcp_in.c.o
[ 66%] Building C object lib/rndis/CMakeFiles/rndis.dir/Users/desktop/.pico-sdk/sdk/2.3.1/lib/lwip/src/core/tcp_out.c.o
[ 66%] Building C object lib/rndis/CMakeFiles/rndis.dir/Users/desktop/.pico-sdk/sdk/2.3.1/lib/lwip/src/core/timeouts.c.o
[ 67%] Building C object lib/rndis/CMakeFiles/rndis.dir/Users/desktop/.pico-sdk/sdk/2.3.1/lib/lwip/src/core/udp.c.o
[ 67%] Building C object lib/rndis/CMakeFiles/rndis.dir/Users/desktop/.pico-sdk/sdk/2.3.1/lib/lwip/src/core/ipv4/autoip.c.o
[ 67%] Building C object lib/rndis/CMakeFiles/rndis.dir/Users/desktop/.pico-sdk/sdk/2.3.1/lib/lwip/src/core/ipv4/dhcp.c.o
[ 67%] Building C object lib/rndis/CMakeFiles/rndis.dir/Users/desktop/.pico-sdk/sdk/2.3.1/lib/lwip/src/core/ipv4/etharp.c.o
[ 67%] Building C object lib/rndis/CMakeFiles/rndis.dir/Users/desktop/.pico-sdk/sdk/2.3.1/lib/lwip/src/core/ipv4/icmp.c.o
[ 67%] Building C object lib/rndis/CMakeFiles/rndis.dir/Users/desktop/.pico-sdk/sdk/2.3.1/lib/lwip/src/core/ipv4/igmp.c.o
[ 67%] Building C object lib/rndis/CMakeFiles/rndis.dir/Users/desktop/.pico-sdk/sdk/2.3.1/lib/lwip/src/core/ipv4/ip4_frag.c.o
[ 67%] Building C object lib/rndis/CMakeFiles/rndis.dir/Users/desktop/.pico-sdk/sdk/2.3.1/lib/lwip/src/core/ipv4/ip4.c.o
[ 67%] Building C object lib/rndis/CMakeFiles/rndis.dir/Users/desktop/.pico-sdk/sdk/2.3.1/lib/lwip/src/core/ipv4/ip4_addr.c.o
[ 67%] Building C object lib/rndis/CMakeFiles/rndis.dir/Users/desktop/.pico-sdk/sdk/2.3.1/lib/lwip/src/core/ipv4/acd.c.o
[ 67%] Building C object lib/rndis/CMakeFiles/rndis.dir/Users/desktop/.pico-sdk/sdk/2.3.1/lib/lwip/src/core/ipv6/dhcp6.c.o
[ 67%] Building C object lib/rndis/CMakeFiles/rndis.dir/Users/desktop/.pico-sdk/sdk/2.3.1/lib/lwip/src/core/ipv6/ethip6.c.o
[ 67%] Building C object lib/rndis/CMakeFiles/rndis.dir/Users/desktop/.pico-sdk/sdk/2.3.1/lib/lwip/src/core/ipv6/icmp6.c.o
[ 67%] Building C object lib/rndis/CMakeFiles/rndis.dir/Users/desktop/.pico-sdk/sdk/2.3.1/lib/lwip/src/core/ipv6/inet6.c.o
[ 67%] Building C object lib/rndis/CMakeFiles/rndis.dir/Users/desktop/.pico-sdk/sdk/2.3.1/lib/lwip/src/core/ipv6/ip6.c.o
[ 68%] Building C object lib/rndis/CMakeFiles/rndis.dir/Users/desktop/.pico-sdk/sdk/2.3.1/lib/lwip/src/core/ipv6/ip6_addr.c.o
[ 68%] Building C object lib/rndis/CMakeFiles/rndis.dir/Users/desktop/.pico-sdk/sdk/2.3.1/lib/lwip/src/core/ipv6/mld6.c.o
[ 68%] Building C object lib/rndis/CMakeFiles/rndis.dir/Users/desktop/.pico-sdk/sdk/2.3.1/lib/lwip/src/core/ipv6/ip6_frag.c.o
[ 68%] Building C object lib/rndis/CMakeFiles/rndis.dir/Users/desktop/.pico-sdk/sdk/2.3.1/lib/lwip/src/core/ipv6/nd6.c.o
[ 68%] Building C object lib/rndis/CMakeFiles/rndis.dir/Users/desktop/.pico-sdk/sdk/2.3.1/lib/lwip/src/api/api_lib.c.o
[ 68%] Building C object lib/rndis/CMakeFiles/rndis.dir/Users/desktop/.pico-sdk/sdk/2.3.1/lib/lwip/src/api/api_msg.c.o
[ 68%] Building C object lib/rndis/CMakeFiles/rndis.dir/Users/desktop/.pico-sdk/sdk/2.3.1/lib/lwip/src/api/err.c.o
[ 68%] Building C object lib/rndis/CMakeFiles/rndis.dir/Users/desktop/.pico-sdk/sdk/2.3.1/lib/lwip/src/api/if_api.c.o
[ 68%] Building C object lib/rndis/CMakeFiles/rndis.dir/Users/desktop/.pico-sdk/sdk/2.3.1/lib/lwip/src/api/netbuf.c.o
[ 68%] Building C object lib/rndis/CMakeFiles/rndis.dir/Users/desktop/.pico-sdk/sdk/2.3.1/lib/lwip/src/api/netdb.c.o
[ 68%] Building C object lib/rndis/CMakeFiles/rndis.dir/Users/desktop/.pico-sdk/sdk/2.3.1/lib/lwip/src/api/netifapi.c.o
[ 68%] Building C object lib/rndis/CMakeFiles/rndis.dir/Users/desktop/.pico-sdk/sdk/2.3.1/lib/lwip/src/api/sockets.c.o
[ 68%] Building C object lib/rndis/CMakeFiles/rndis.dir/Users/desktop/.pico-sdk/sdk/2.3.1/lib/lwip/src/api/tcpip.c.o
[ 68%] Building C object lib/rndis/CMakeFiles/rndis.dir/Users/desktop/.pico-sdk/sdk/2.3.1/lib/lwip/src/netif/ethernet.c.o
[ 68%] Building C object lib/rndis/CMakeFiles/rndis.dir/Users/desktop/.pico-sdk/sdk/2.3.1/lib/lwip/src/netif/bridgeif.c.o
[ 69%] Building C object lib/rndis/CMakeFiles/rndis.dir/Users/desktop/.pico-sdk/sdk/2.3.1/lib/lwip/src/netif/bridgeif_fdb.c.o
[ 69%] Building C object lib/rndis/CMakeFiles/rndis.dir/Users/desktop/.pico-sdk/sdk/2.3.1/lib/lwip/src/netif/slipif.c.o
[ 69%] Building C object lib/rndis/CMakeFiles/rndis.dir/Users/desktop/.pico-sdk/sdk/2.3.1/lib/lwip/src/netif/lowpan6_common.c.o
[ 69%] Building C object lib/rndis/CMakeFiles/rndis.dir/Users/desktop/.pico-sdk/sdk/2.3.1/lib/lwip/src/netif/lowpan6.c.o
[ 69%] Building C object lib/rndis/CMakeFiles/rndis.dir/Users/desktop/.pico-sdk/sdk/2.3.1/lib/lwip/src/netif/lowpan6_ble.c.o
[ 69%] Building C object lib/rndis/CMakeFiles/rndis.dir/Users/desktop/.pico-sdk/sdk/2.3.1/lib/lwip/src/netif/zepif.c.o
[ 69%] Building C object lib/rndis/CMakeFiles/rndis.dir/Users/desktop/.pico-sdk/sdk/2.3.1/lib/lwip/src/netif/ppp/auth.c.o
[ 69%] Building C object lib/rndis/CMakeFiles/rndis.dir/Users/desktop/.pico-sdk/sdk/2.3.1/lib/lwip/src/netif/ppp/ccp.c.o
[ 69%] Building C object lib/rndis/CMakeFiles/rndis.dir/Users/desktop/.pico-sdk/sdk/2.3.1/lib/lwip/src/netif/ppp/chap-md5.c.o
[ 69%] Building C object lib/rndis/CMakeFiles/rndis.dir/Users/desktop/.pico-sdk/sdk/2.3.1/lib/lwip/src/netif/ppp/chap_ms.c.o
[ 69%] Building C object lib/rndis/CMakeFiles/rndis.dir/Users/desktop/.pico-sdk/sdk/2.3.1/lib/lwip/src/netif/ppp/chap-new.c.o
[ 69%] Building C object lib/rndis/CMakeFiles/rndis.dir/Users/desktop/.pico-sdk/sdk/2.3.1/lib/lwip/src/netif/ppp/demand.c.o
[ 69%] Building C object lib/rndis/CMakeFiles/rndis.dir/Users/desktop/.pico-sdk/sdk/2.3.1/lib/lwip/src/netif/ppp/eap.c.o
[ 69%] Building C object lib/rndis/CMakeFiles/rndis.dir/Users/desktop/.pico-sdk/sdk/2.3.1/lib/lwip/src/netif/ppp/ecp.c.o
[ 69%] Building C object lib/rndis/CMakeFiles/rndis.dir/Users/desktop/.pico-sdk/sdk/2.3.1/lib/lwip/src/netif/ppp/eui64.c.o
[ 70%] Building C object lib/rndis/CMakeFiles/rndis.dir/Users/desktop/.pico-sdk/sdk/2.3.1/lib/lwip/src/netif/ppp/fsm.c.o
[ 70%] Building C object lib/rndis/CMakeFiles/rndis.dir/Users/desktop/.pico-sdk/sdk/2.3.1/lib/lwip/src/netif/ppp/ipcp.c.o
[ 70%] Building C object lib/rndis/CMakeFiles/rndis.dir/Users/desktop/.pico-sdk/sdk/2.3.1/lib/lwip/src/netif/ppp/ipv6cp.c.o
[ 70%] Building C object lib/rndis/CMakeFiles/rndis.dir/Users/desktop/.pico-sdk/sdk/2.3.1/lib/lwip/src/netif/ppp/lcp.c.o
[ 70%] Building C object lib/rndis/CMakeFiles/rndis.dir/Users/desktop/.pico-sdk/sdk/2.3.1/lib/lwip/src/netif/ppp/magic.c.o
[ 70%] Building C object lib/rndis/CMakeFiles/rndis.dir/Users/desktop/.pico-sdk/sdk/2.3.1/lib/lwip/src/netif/ppp/mppe.c.o
[ 70%] Building C object lib/rndis/CMakeFiles/rndis.dir/Users/desktop/.pico-sdk/sdk/2.3.1/lib/lwip/src/netif/ppp/multilink.c.o
[ 70%] Building C object lib/rndis/CMakeFiles/rndis.dir/Users/desktop/.pico-sdk/sdk/2.3.1/lib/lwip/src/netif/ppp/ppp.c.o
[ 70%] Building C object lib/rndis/CMakeFiles/rndis.dir/Users/desktop/.pico-sdk/sdk/2.3.1/lib/lwip/src/netif/ppp/pppapi.c.o
[ 70%] Building C object lib/rndis/CMakeFiles/rndis.dir/Users/desktop/.pico-sdk/sdk/2.3.1/lib/lwip/src/netif/ppp/pppcrypt.c.o
[ 70%] Building C object lib/rndis/CMakeFiles/rndis.dir/Users/desktop/.pico-sdk/sdk/2.3.1/lib/lwip/src/netif/ppp/pppoe.c.o
[ 70%] Building C object lib/rndis/CMakeFiles/rndis.dir/Users/desktop/.pico-sdk/sdk/2.3.1/lib/lwip/src/netif/ppp/pppol2tp.c.o
[ 70%] Building C object lib/rndis/CMakeFiles/rndis.dir/Users/desktop/.pico-sdk/sdk/2.3.1/lib/lwip/src/netif/ppp/pppos.c.o
[ 70%] Building C object lib/rndis/CMakeFiles/rndis.dir/Users/desktop/.pico-sdk/sdk/2.3.1/lib/lwip/src/netif/ppp/upap.c.o
[ 70%] Building C object lib/rndis/CMakeFiles/rndis.dir/Users/desktop/.pico-sdk/sdk/2.3.1/lib/lwip/src/netif/ppp/utils.c.o
[ 70%] Building C object lib/rndis/CMakeFiles/rndis.dir/Users/desktop/.pico-sdk/sdk/2.3.1/lib/lwip/src/netif/ppp/polarssl/arc4.c.o
[ 71%] Building C object lib/rndis/CMakeFiles/rndis.dir/Users/desktop/.pico-sdk/sdk/2.3.1/lib/lwip/src/netif/ppp/vj.c.o
[ 71%] Building C object lib/rndis/CMakeFiles/rndis.dir/Users/desktop/.pico-sdk/sdk/2.3.1/lib/lwip/src/netif/ppp/polarssl/des.c.o
[ 71%] Building C object lib/rndis/CMakeFiles/rndis.dir/Users/desktop/.pico-sdk/sdk/2.3.1/lib/lwip/src/netif/ppp/polarssl/md4.c.o
[ 71%] Building C object lib/rndis/CMakeFiles/rndis.dir/Users/desktop/.pico-sdk/sdk/2.3.1/lib/lwip/src/netif/ppp/polarssl/md5.c.o
[ 71%] Building C object lib/rndis/CMakeFiles/rndis.dir/Users/desktop/.pico-sdk/sdk/2.3.1/lib/lwip/src/netif/ppp/polarssl/sha1.c.o
[ 71%] Building C object lib/rndis/CMakeFiles/rndis.dir/Users/desktop/.pico-sdk/sdk/2.3.1/lib/lwip/src/apps/mdns/mdns.c.o
[ 71%] Building C object lib/rndis/CMakeFiles/rndis.dir/Users/desktop/.pico-sdk/sdk/2.3.1/lib/lwip/src/apps/mdns/mdns_out.c.o
[ 71%] Building C object lib/rndis/CMakeFiles/rndis.dir/Users/desktop/.pico-sdk/sdk/2.3.1/lib/lwip/src/apps/mdns/mdns_domain.c.o
[ 71%] Building C object lib/rndis/CMakeFiles/rndis.dir/Users/desktop/.pico-sdk/sdk/2.3.1/src/rp2_common/pico_rand/rand.c.o
[ 71%] Building C object lib/rndis/CMakeFiles/rndis.dir/Users/desktop/.pico-sdk/sdk/2.3.1/src/rp2_common/pico_unique_id/unique_id.c.o
[ 71%] Building C object lib/rndis/CMakeFiles/rndis.dir/Users/desktop/.pico-sdk/sdk/2.3.1/src/rp2_common/hardware_flash/flash.c.o
[ 71%] Building C object lib/rndis/CMakeFiles/rndis.dir/Users/desktop/.pico-sdk/sdk/2.3.1/src/rp2_common/hardware_xip_cache/xip_cache.c.o
[ 71%] Linking CXX static library librndis.a
[ 71%] Built target rndis
[ 71%] Setting up Python Virtual Environment
Collecting protobuf>=3.19 (from -r /Users/desktop/Documents/GitHub/GP2040-CE/lib/nanopb/extra/requirements.txt (line 1))
  Using cached protobuf-7.36.2-cp310-abi3-macosx_10_9_universal2.whl.metadata (595 bytes)
Collecting grpcio-tools==1.71.0 (from -r /Users/desktop/Documents/GitHub/GP2040-CE/lib/nanopb/extra/requirements.txt (line 2))
  Using cached grpcio_tools-1.71.0-cp313-cp313-macosx_10_14_universal2.whl.metadata (5.3 kB)
Collecting setuptools==81.0.0 (from -r /Users/desktop/Documents/GitHub/GP2040-CE/lib/nanopb/extra/requirements.txt (line 3))
  Using cached setuptools-81.0.0-py3-none-any.whl.metadata (6.6 kB)
Collecting protobuf>=3.19 (from -r /Users/desktop/Documents/GitHub/GP2040-CE/lib/nanopb/extra/requirements.txt (line 1))
  Using cached protobuf-5.29.6-cp38-abi3-macosx_10_9_universal2.whl.metadata (592 bytes)
Collecting grpcio>=1.71.0 (from grpcio-tools==1.71.0->-r /Users/desktop/Documents/GitHub/GP2040-CE/lib/nanopb/extra/requirements.txt (line 2))
  Using cached grpcio-1.84.0-cp313-cp313-macosx_11_0_universal2.whl.metadata (3.8 kB)
Collecting typing-extensions~=4.12 (from grpcio>=1.71.0->grpcio-tools==1.71.0->-r /Users/desktop/Documents/GitHub/GP2040-CE/lib/nanopb/extra/requirements.txt (line 2))
  Using cached typing_extensions-4.16.0-py3-none-any.whl.metadata (3.3 kB)
Using cached grpcio_tools-1.71.0-cp313-cp313-macosx_10_14_universal2.whl (6.0 MB)
Using cached setuptools-81.0.0-py3-none-any.whl (1.1 MB)
Using cached protobuf-5.29.6-cp38-abi3-macosx_10_9_universal2.whl (418 kB)
Using cached grpcio-1.84.0-cp313-cp313-macosx_11_0_universal2.whl (12.3 MB)
Using cached typing_extensions-4.16.0-py3-none-any.whl (45 kB)
Installing collected packages: typing-extensions, setuptools, protobuf, grpcio, grpcio-tools

Successfully installed grpcio-1.84.0 grpcio-tools-1.71.0 protobuf-5.29.6 setuptools-81.0.0 typing-extensions-4.16.0
[ 71%] Compiling enums.proto and config.proto
/Users/desktop/Documents/GitHub/GP2040-CE/lib/nanopb/generator/proto/__init__.py:10: UserWarning: pkg_resources is deprecated as an API. See https://setuptools.pypa.io/en/latest/pkg_resources.html. The pkg_resources package is slated for removal as early as 2025-11-30. Refrain from using this package or pin to Setuptools<81.
  import pkg_resources
/Users/desktop/Documents/GitHub/GP2040-CE/lib/nanopb/generator/proto/__init__.py:10: UserWarning: pkg_resources is deprecated as an API. See https://setuptools.pypa.io/en/latest/pkg_resources.html. The pkg_resources package is slated for removal as early as 2025-11-30. Refrain from using this package or pin to Setuptools<81.
  import pkg_resources
/Users/desktop/Documents/GitHub/GP2040-CE/lib/nanopb/generator/nanopb_generator.py:1619: UserWarning: reflection.MakeClass() is deprecated. Please use MessageFactory.GetMessageClass() instead. reflection.MakeClass() will be removed in Jan 2025.
  msg = reflection.MakeClass(desc)()
[ 71%] Building CXX object CMakeFiles/GP2040-CE.dir/src/main.cpp.o
[ 71%] Building CXX object CMakeFiles/GP2040-CE.dir/src/gp2040.cpp.o
[ 71%] Building CXX object CMakeFiles/GP2040-CE.dir/src/addonmanager.cpp.o
[ 71%] Building CXX object CMakeFiles/GP2040-CE.dir/src/gamepad/GamepadState.cpp.o
[ 71%] Building CXX object CMakeFiles/GP2040-CE.dir/src/gp2040aux.cpp.o
[ 71%] Building CXX object CMakeFiles/GP2040-CE.dir/src/playerleds.cpp.o
[ 71%] Building CXX object CMakeFiles/GP2040-CE.dir/src/gamepad.cpp.o
[ 71%] Building CXX object CMakeFiles/GP2040-CE.dir/src/drivers/shared/xinput_host.cpp.o
[ 71%] Building CXX object CMakeFiles/GP2040-CE.dir/src/drivers/shared/xgip_protocol.cpp.o
[ 71%] Building C object CMakeFiles/GP2040-CE.dir/src/drivers/shared/xsm3/excrypt_des.c.o
[ 71%] Building C object CMakeFiles/GP2040-CE.dir/src/drivers/shared/xsm3/excrypt_parve.c.o
[ 71%] Building C object CMakeFiles/GP2040-CE.dir/src/drivers/shared/xsm3/excrypt_sha.c.o
[ 72%] Building C object CMakeFiles/GP2040-CE.dir/src/drivers/shared/xsm3/usbdsec.c.o
[ 72%] Building C object CMakeFiles/GP2040-CE.dir/src/drivers/shared/xsm3/xsm3.c.o
[ 72%] Building CXX object CMakeFiles/GP2040-CE.dir/src/drivers/astro/AstroDriver.cpp.o
[ 72%] Building CXX object CMakeFiles/GP2040-CE.dir/src/drivers/egret/EgretDriver.cpp.o
[ 72%] Building CXX object CMakeFiles/GP2040-CE.dir/src/drivers/hid/HIDDriver.cpp.o
[ 72%] Building CXX object CMakeFiles/GP2040-CE.dir/src/drivers/keyboard/KeyboardDriver.cpp.o
[ 72%] Building CXX object CMakeFiles/GP2040-CE.dir/src/drivers/mdmini/MDMiniDriver.cpp.o
[ 72%] Building CXX object CMakeFiles/GP2040-CE.dir/src/drivers/neogeo/NeoGeoDriver.cpp.o
[ 72%] Building CXX object CMakeFiles/GP2040-CE.dir/src/drivers/net/NetDriver.cpp.o
[ 72%] Building CXX object CMakeFiles/GP2040-CE.dir/src/drivers/pcengine/PCEngineDriver.cpp.o
[ 72%] Building CXX object CMakeFiles/GP2040-CE.dir/src/drivers/ps3/PS3Driver.cpp.o
[ 72%] Building CXX object CMakeFiles/GP2040-CE.dir/src/drivers/ps4/PS4Auth.cpp.o
[ 72%] Building CXX object CMakeFiles/GP2040-CE.dir/src/drivers/ps4/PS4AuthUSBListener.cpp.o
[ 72%] Building CXX object CMakeFiles/GP2040-CE.dir/src/drivers/ps4/PS4Driver.cpp.o
[ 72%] Building CXX object CMakeFiles/GP2040-CE.dir/src/drivers/p5general/P5GeneralAuth.cpp.o
[ 73%] Building CXX object CMakeFiles/GP2040-CE.dir/src/drivers/p5general/P5GeneralAuthUSBListener.cpp.o
[ 73%] Building CXX object CMakeFiles/GP2040-CE.dir/src/drivers/p5general/P5GeneralDriver.cpp.o
[ 73%] Building CXX object CMakeFiles/GP2040-CE.dir/src/drivers/psclassic/PSClassicDriver.cpp.o
[ 73%] Building CXX object CMakeFiles/GP2040-CE.dir/src/drivers/sinput/SInputDriver.cpp.o
[ 73%] Building CXX object CMakeFiles/GP2040-CE.dir/src/drivers/switch/SwitchDriver.cpp.o
[ 73%] Building CXX object CMakeFiles/GP2040-CE.dir/src/drivers/switchpro/SwitchProDriver.cpp.o
[ 73%] Building CXX object CMakeFiles/GP2040-CE.dir/src/drivers/xbone/XBOneAuth.cpp.o
[ 73%] Building CXX object CMakeFiles/GP2040-CE.dir/src/drivers/xbone/XBOneAuthUSBListener.cpp.o
[ 73%] Building CXX object CMakeFiles/GP2040-CE.dir/src/drivers/xbone/XBOneDriver.cpp.o
[ 73%] Building C object CMakeFiles/GP2040-CE.dir/src/drivers/xboxog/xid/xid_driver.c.o
[ 73%] Building C object CMakeFiles/GP2040-CE.dir/src/drivers/xboxog/xid/xid_gamepad.c.o
[ 73%] Building C object CMakeFiles/GP2040-CE.dir/src/drivers/xboxog/xid/xid_remote.c.o
[ 73%] Building C object CMakeFiles/GP2040-CE.dir/src/drivers/xboxog/xid/xid_steelbattalion.c.o
[ 73%] Building C object CMakeFiles/GP2040-CE.dir/src/drivers/xboxog/xid/xid.c.o
[ 73%] Building CXX object CMakeFiles/GP2040-CE.dir/src/drivers/xboxog/XboxOriginalDriver.cpp.o
[ 74%] Building CXX object CMakeFiles/GP2040-CE.dir/src/drivers/xinput/XInputAuth.cpp.o
[ 74%] Building CXX object CMakeFiles/GP2040-CE.dir/src/drivers/xinput/XInputAuthUSBListener.cpp.o
[ 74%] Building CXX object CMakeFiles/GP2040-CE.dir/src/drivers/xinput/XInputDriver.cpp.o
[ 74%] Building CXX object CMakeFiles/GP2040-CE.dir/src/interfaces/i2c/i2cdevicebase.cpp.o
[ 74%] Building CXX object CMakeFiles/GP2040-CE.dir/src/interfaces/i2c/pcf8575/pcf8575.cpp.o
[ 74%] Building CXX object CMakeFiles/GP2040-CE.dir/src/interfaces/i2c/ssd1306/tiny_ssd1306.cpp.o
[ 74%] Building CXX object CMakeFiles/GP2040-CE.dir/src/display/ui/elements/GPWidget.cpp.o
[ 74%] Building CXX object CMakeFiles/GP2040-CE.dir/src/display/ui/elements/GPButton.cpp.o
[ 74%] Building CXX object CMakeFiles/GP2040-CE.dir/src/display/ui/elements/GPLever.cpp.o
[ 74%] Building CXX object CMakeFiles/GP2040-CE.dir/src/display/ui/elements/GPLabel.cpp.o
[ 74%] Building CXX object CMakeFiles/GP2040-CE.dir/src/display/ui/elements/GPMenu.cpp.o
[ 74%] Building CXX object CMakeFiles/GP2040-CE.dir/src/display/ui/elements/GPScreen.cpp.o
[ 74%] Building CXX object CMakeFiles/GP2040-CE.dir/src/display/ui/elements/GPShape.cpp.o
[ 74%] Building CXX object CMakeFiles/GP2040-CE.dir/src/display/ui/elements/GPSprite.cpp.o
[ 74%] Building CXX object CMakeFiles/GP2040-CE.dir/src/display/ui/screens/ButtonLayoutScreen.cpp.o
[ 75%] Building CXX object CMakeFiles/GP2040-CE.dir/src/display/ui/screens/ConfigScreen.cpp.o
[ 75%] Building CXX object CMakeFiles/GP2040-CE.dir/src/display/ui/screens/MainMenuScreen.cpp.o
[ 75%] Building CXX object CMakeFiles/GP2040-CE.dir/src/display/ui/screens/PinViewerScreen.cpp.o
[ 75%] Building CXX object CMakeFiles/GP2040-CE.dir/src/display/ui/screens/RestartScreen.cpp.o
[ 75%] Building CXX object CMakeFiles/GP2040-CE.dir/src/display/ui/screens/StatsScreen.cpp.o
[ 75%] Building CXX object CMakeFiles/GP2040-CE.dir/src/display/ui/screens/SplashScreen.cpp.o
[ 75%] Building CXX object CMakeFiles/GP2040-CE.dir/src/display/ui/screens/DisplaySaverScreen.cpp.o
[ 75%] Building CXX object CMakeFiles/GP2040-CE.dir/src/display/ui/screens/SystemErrorScreen.cpp.o
[ 75%] Building CXX object CMakeFiles/GP2040-CE.dir/src/display/GPGFX.cpp.o
[ 75%] Building CXX object CMakeFiles/GP2040-CE.dir/src/display/GPGFX_UI.cpp.o
[ 75%] Building CXX object CMakeFiles/GP2040-CE.dir/src/drivermanager.cpp.o
[ 75%] Building CXX object CMakeFiles/GP2040-CE.dir/src/eventmanager.cpp.o
[ 75%] Building CXX object CMakeFiles/GP2040-CE.dir/src/layoutmanager.cpp.o
[ 75%] Building CXX object CMakeFiles/GP2040-CE.dir/src/peripheralmanager.cpp.o
[ 75%] Building CXX object CMakeFiles/GP2040-CE.dir/src/storagemanager.cpp.o
[ 75%] Building CXX object CMakeFiles/GP2040-CE.dir/src/system.cpp.o
[ 76%] Building CXX object CMakeFiles/GP2040-CE.dir/src/usbdriver.cpp.o
[ 76%] Building CXX object CMakeFiles/GP2040-CE.dir/src/usbhostmanager.cpp.o
[ 76%] Building CXX object CMakeFiles/GP2040-CE.dir/src/config_utils.cpp.o
[ 76%] Building CXX object CMakeFiles/GP2040-CE.dir/src/config_legacy.cpp.o
[ 76%] Building CXX object CMakeFiles/GP2040-CE.dir/src/webconfig.cpp.o
[ 76%] Building CXX object CMakeFiles/GP2040-CE.dir/src/addons/analog.cpp.o
[ 76%] Building CXX object CMakeFiles/GP2040-CE.dir/src/addons/board_led.cpp.o
[ 76%] Building CXX object CMakeFiles/GP2040-CE.dir/src/addons/bootsel_button.cpp.o
[ 76%] Building CXX object CMakeFiles/GP2040-CE.dir/src/addons/focus_mode.cpp.o
/Users/desktop/Documents/GitHub/GP2040-CE/src/config_legacy.cpp: In function 'bool isValidButtonLayout(ConfigLegacy::ButtonLayout)':
/Users/desktop/Documents/GitHub/GP2040-CE/src/config_legacy.cpp:546:12: warning: enumeration value 'BUTTON_LAYOUT_STICKLESS_R16' not handled in switch [-Wswitch]
  546 |     switch (buttonLayout)
      |            ^
/Users/desktop/Documents/GitHub/GP2040-CE/src/config_legacy.cpp:564:9: warning: case value '33' not in enumerated type 'ConfigLegacy::ButtonLayout' [-Wswitch]
  564 |         case BUTTON_LAYOUT_STICKLESS_R16:
      |         ^~~~
/Users/desktop/Documents/GitHub/GP2040-CE/src/config_legacy.cpp: In function 'bool isValidButtonLayoutRight(ConfigLegacy::ButtonLayoutRight)':
/Users/desktop/Documents/GitHub/GP2040-CE/src/config_legacy.cpp:573:12: warning: enumeration value 'BUTTON_LAYOUT_STICKLESS_R16B' not handled in switch [-Wswitch]
  573 |     switch (buttonLayoutRight)
      |            ^
/Users/desktop/Documents/GitHub/GP2040-CE/src/config_legacy.cpp:596:9: warning: case value '37' not in enumerated type 'ConfigLegacy::ButtonLayoutRight' [-Wswitch]
  596 |         case BUTTON_LAYOUT_STICKLESS_R16B:
      |         ^~~~
[ 76%] Building CXX object CMakeFiles/GP2040-CE.dir/src/addons/he_trigger.cpp.o
[ 76%] Building CXX object CMakeFiles/GP2040-CE.dir/src/addons/buzzerspeaker.cpp.o
/Users/desktop/Documents/GitHub/GP2040-CE/src/addons/analog.cpp: In static member function 'static bool AnalogInput::isAdcPin(int32_t)':
/Users/desktop/Documents/GitHub/GP2040-CE/src/addons/analog.cpp:24:16: warning: comparison of integer expressions of different signedness: 'int32_t' {aka 'long int'} and 'unsigned int' [-Wsign-compare]
   24 |     return pin >= ADC_PIN_OFFSET && pin < ADC_PIN_OFFSET + NUM_ADC_CHANNELS - 1;
      |                ^
/Users/desktop/Documents/GitHub/GP2040-CE/src/addons/analog.cpp:24:41: warning: comparison of integer expressions of different signedness: 'int32_t' {aka 'long int'} and 'unsigned int' [-Wsign-compare]
   24 |     return pin >= ADC_PIN_OFFSET && pin < ADC_PIN_OFFSET + NUM_ADC_CHANNELS - 1;
      |                                     ~~~~^~~~~~~~~~~~~~~~~~~~~~~~~~~~~~~~~~~~~~~
[ 76%] Building CXX object CMakeFiles/GP2040-CE.dir/src/addons/dualdirectional.cpp.o
[ 76%] Building CXX object CMakeFiles/GP2040-CE.dir/src/addons/keyboard_host.cpp.o
/Users/desktop/Documents/GitHub/GP2040-CE/src/webconfig.cpp: In function 'std::string getBoardDefinition()':
/Users/desktop/Documents/GitHub/GP2040-CE/src/webconfig.cpp:3213:19: warning: comparison of integer expressions of different signedness: 'int32_t' {aka 'long int'} and 'unsigned int' [-Wsign-compare]
 3213 |         if (!(pin < ADC_BASE_PIN || pin >= ADC_BASE_PIN + NUM_ADC_CHANNELS - 1)) analogPins.add(pin);
      |                   ^
/Users/desktop/Documents/GitHub/GP2040-CE/src/webconfig.cpp:3213:41: warning: comparison of integer expressions of different signedness: 'int32_t' {aka 'long int'} and 'unsigned int' [-Wsign-compare]
 3213 |         if (!(pin < ADC_BASE_PIN || pin >= ADC_BASE_PIN + NUM_ADC_CHANNELS - 1)) analogPins.add(pin);
      |                                     ~~~~^~~~~~~~~~~~~~~~~~~~~~~~~~~~~~~~~~~~~~
[ 76%] Building CXX object CMakeFiles/GP2040-CE.dir/src/addons/keyboard_host_listener.cpp.o
[ 76%] Building CXX object CMakeFiles/GP2040-CE.dir/src/addons/i2canalog1115.cpp.o
/Users/desktop/Documents/GitHub/GP2040-CE/src/addons/he_trigger.cpp: In member function 'virtual void HETriggerAddon::setup()':
/Users/desktop/Documents/GitHub/GP2040-CE/src/addons/he_trigger.cpp:24:28: warning: comparison of integer expressions of different signedness: 'int32_t' {aka 'long int'} and 'unsigned int' [-Wsign-compare]
   24 |         if (muxPinArray[i] >= ADC_BASE_PIN && muxPinArray[i] < ADC_BASE_PIN + NUM_ADC_CHANNELS - 1) {
      |                            ^
/Users/desktop/Documents/GitHub/GP2040-CE/src/addons/he_trigger.cpp:24:62: warning: comparison of integer expressions of different signedness: 'int32_t' {aka 'long int'} and 'unsigned int' [-Wsign-compare]
   24 |         if (muxPinArray[i] >= ADC_BASE_PIN && muxPinArray[i] < ADC_BASE_PIN + NUM_ADC_CHANNELS - 1) {
      |                                               ~~~~~~~~~~~~~~~^~~~~~~~~~~~~~~~~~~~~~~~~~~~~~~~~~~~~
[ 77%] Building CXX object CMakeFiles/GP2040-CE.dir/src/addons/i2canalog1219.cpp.o
[ 77%] Building CXX object CMakeFiles/GP2040-CE.dir/src/addons/i2c_gpio_pcf8575.cpp.o
[ 77%] Building CXX object CMakeFiles/GP2040-CE.dir/src/addons/display.cpp.o
[ 77%] Building CXX object CMakeFiles/GP2040-CE.dir/src/addons/neopicoleds.cpp.o
/Users/desktop/Documents/GitHub/GP2040-CE/src/addons/i2canalog1115.cpp: In member function 'virtual void I2CAnalog1115Input::setup()':
/Users/desktop/Documents/GitHub/GP2040-CE/src/addons/i2canalog1115.cpp:46:12: warning: unused variable 'gamepad' [-Wunused-variable]
   46 |   Gamepad *gamepad = Storage::getInstance().GetGamepad();
      |            ^~~~~~~
[ 77%] Building CXX object CMakeFiles/GP2040-CE.dir/src/addons/playerleds.cpp.o
[ 77%] Building CXX object CMakeFiles/GP2040-CE.dir/src/addons/reactiveleds.cpp.o
[ 77%] Building CXX object CMakeFiles/GP2040-CE.dir/src/addons/rotaryencoder.cpp.o
[ 77%] Building CXX object CMakeFiles/GP2040-CE.dir/src/addons/reverse.cpp.o
[ 77%] Building CXX object CMakeFiles/GP2040-CE.dir/src/addons/drv8833_rumble.cpp.o
[ 77%] Building CXX object CMakeFiles/GP2040-CE.dir/src/addons/turbo.cpp.o
[ 77%] Building CXX object CMakeFiles/GP2040-CE.dir/src/addons/slider_socd.cpp.o
[ 77%] Building CXX object CMakeFiles/GP2040-CE.dir/src/addons/slider_profile.cpp.o
[ 77%] Building CXX object CMakeFiles/GP2040-CE.dir/src/addons/wiiext.cpp.o
[ 77%] Building CXX object CMakeFiles/GP2040-CE.dir/src/addons/input_macro.cpp.o
[ 77%] Building CXX object CMakeFiles/GP2040-CE.dir/src/addons/snes_input.cpp.o
[ 78%] Building CXX object CMakeFiles/GP2040-CE.dir/src/addons/tilt.cpp.o
[ 78%] Building CXX object CMakeFiles/GP2040-CE.dir/src/addons/spi_analog_ads1256.cpp.o
[ 78%] Building CXX object CMakeFiles/GP2040-CE.dir/src/addons/gamepad_usb_host.cpp.o
[ 78%] Building CXX object CMakeFiles/GP2040-CE.dir/src/addons/gamepad_usb_host_listener.cpp.o
[ 78%] Building CXX object CMakeFiles/GP2040-CE.dir/src/addons/tg16_input.cpp.o
[ 78%] Building CXX object CMakeFiles/GP2040-CE.dir/src/animationstation/animation.cpp.o
[ 78%] Building CXX object CMakeFiles/GP2040-CE.dir/src/animationstation/animationstation.cpp.o
[ 78%] Building CXX object CMakeFiles/GP2040-CE.dir/src/animationstation/effects/burstcolor.cpp.o
[ 78%] Building CXX object CMakeFiles/GP2040-CE.dir/src/animationstation/effects/chase.cpp.o
[ 78%] Building CXX object CMakeFiles/GP2040-CE.dir/src/animationstation/effects/idletimeout.cpp.o
[ 78%] Building CXX object CMakeFiles/GP2040-CE.dir/src/animationstation/effects/jigglestaticcolor.cpp.o
[ 78%] Building CXX object CMakeFiles/GP2040-CE.dir/src/animationstation/effects/jiggletwostaticcolor.cpp.o
[ 78%] Building CXX object CMakeFiles/GP2040-CE.dir/src/animationstation/effects/rain.cpp.o
/Users/desktop/Documents/GitHub/GP2040-CE/src/animationstation/effects/chase.cpp: In constructor 'Chase::Chase(Lights&, EButtonCaseEffectType, ChaseTypes)':
/Users/desktop/Documents/GitHub/GP2040-CE/src/animationstation/effects/chase.cpp:41:91: warning: comparison of integer expressions of different signedness: 'unsigned int' and 'int' [-Wsign-compare]
   41 |     for(unsigned int ledIndex = RGBLights->AllLights[lightIndex].FirstLedIndex ; ledIndex < lastLed; ++ledIndex)
      |                                                                                  ~~~~~~~~~^~~~~~~~~
/Users/desktop/Documents/GitHub/GP2040-CE/src/animationstation/effects/chase.cpp: In member function 'void Chase::OrderLights()':
/Users/desktop/Documents/GitHub/GP2040-CE/src/animationstation/effects/chase.cpp:150:30: warning: comparison of integer expressions of different signedness: 'unsigned int' and 'int' [-Wsign-compare]
  150 |           else if(lightIndex < sortedLights[sortIndex])
      |                   ~~~~~~~~~~~^~~~~~~~~~~~~~~~~~~~~~~~~
[ 78%] Building CXX object CMakeFiles/GP2040-CE.dir/src/animationstation/effects/rainbow.cpp.o
[ 78%] Building CXX object CMakeFiles/GP2040-CE.dir/src/animationstation/effects/randomcolor.cpp.o
[ 79%] Building CXX object CMakeFiles/GP2040-CE.dir/src/animationstation/effects/staticcolor.cpp.o
[ 79%] Building CXX object CMakeFiles/GP2040-CE.dir/src/hosts/DualsensePS5Host.cpp.o
[ 79%] Building CXX object CMakeFiles/GP2040-CE.dir/src/hosts/DualshockPS4Host.cpp.o
[ 79%] Building CXX object CMakeFiles/GP2040-CE.dir/src/hosts/GoogleStadioHost.cpp.o
[ 79%] Building CXX object CMakeFiles/GP2040-CE.dir/src/hosts/DrivingForceHost.cpp.o
[ 79%] Building CXX object CMakeFiles/GP2040-CE.dir/src/hosts/Ultrastik360Host.cpp.o
[ 79%] Building CXX object CMakeFiles/GP2040-CE.dir/src/hosts/SwitchProHost.cpp.o
[ 79%] Building CXX object CMakeFiles/GP2040-CE.dir/src/hosts/Xbox360Host.cpp.o
[ 79%] Building C object CMakeFiles/GP2040-CE.dir/proto/enums.pb.c.o
[ 79%] Building C object CMakeFiles/GP2040-CE.dir/proto/config.pb.c.o
[ 79%] Building C object CMakeFiles/GP2040-CE.dir/Users/desktop/.pico-sdk/sdk/2.3.1/src/rp2_common/pico_stdlib/stdlib.c.o
[ 79%] Building C object CMakeFiles/GP2040-CE.dir/Users/desktop/.pico-sdk/sdk/2.3.1/src/rp2_common/hardware_gpio/gpio.c.o
[ 79%] Building C object CMakeFiles/GP2040-CE.dir/Users/desktop/.pico-sdk/sdk/2.3.1/src/rp2040/pico_platform/platform.c.o
[ 79%] Building C object CMakeFiles/GP2040-CE.dir/Users/desktop/.pico-sdk/sdk/2.3.1/src/rp2_common/pico_platform_common/common.c.o
[ 79%] Building C object CMakeFiles/GP2040-CE.dir/Users/desktop/.pico-sdk/sdk/2.3.1/src/rp2_common/pico_platform_panic/panic.c.o
[ 80%] Building ASM object CMakeFiles/GP2040-CE.dir/Users/desktop/.pico-sdk/sdk/2.3.1/src/rp2_common/pico_platform_panic/custom_panic_function.S.o
[ 80%] Building C object CMakeFiles/GP2040-CE.dir/Users/desktop/.pico-sdk/sdk/2.3.1/src/common/hardware_claim/claim.c.o
[ 80%] Building C object CMakeFiles/GP2040-CE.dir/Users/desktop/.pico-sdk/sdk/2.3.1/src/rp2_common/hardware_sync/sync.c.o
[ 80%] Building C object CMakeFiles/GP2040-CE.dir/Users/desktop/.pico-sdk/sdk/2.3.1/src/rp2_common/hardware_sync_spin_lock/sync_spin_lock.c.o
[ 80%] Building C object CMakeFiles/GP2040-CE.dir/Users/desktop/.pico-sdk/sdk/2.3.1/src/rp2_common/hardware_irq/irq.c.o
[ 80%] Building ASM object CMakeFiles/GP2040-CE.dir/Users/desktop/.pico-sdk/sdk/2.3.1/src/rp2_common/hardware_irq/irq_handler_chain.S.o
[ 80%] Building C object CMakeFiles/GP2040-CE.dir/Users/desktop/.pico-sdk/sdk/2.3.1/src/common/pico_sync/sem.c.o
[ 80%] Building C object CMakeFiles/GP2040-CE.dir/Users/desktop/.pico-sdk/sdk/2.3.1/src/common/pico_sync/lock_core.c.o
[ 80%] Building C object CMakeFiles/GP2040-CE.dir/Users/desktop/.pico-sdk/sdk/2.3.1/src/common/pico_sync/mutex.c.o
[ 80%] Building C object CMakeFiles/GP2040-CE.dir/Users/desktop/.pico-sdk/sdk/2.3.1/src/common/pico_sync/critical_section.c.o
[ 80%] Building C object CMakeFiles/GP2040-CE.dir/Users/desktop/.pico-sdk/sdk/2.3.1/src/common/pico_time/time.c.o
[ 80%] Building C object CMakeFiles/GP2040-CE.dir/Users/desktop/.pico-sdk/sdk/2.3.1/src/common/pico_time/timeout_helper.c.o
[ 80%] Building C object CMakeFiles/GP2040-CE.dir/Users/desktop/.pico-sdk/sdk/2.3.1/src/common/pico_util/datetime.c.o
[ 80%] Building C object CMakeFiles/GP2040-CE.dir/Users/desktop/.pico-sdk/sdk/2.3.1/src/rp2_common/hardware_timer/timer.c.o
[ 80%] Building C object CMakeFiles/GP2040-CE.dir/Users/desktop/.pico-sdk/sdk/2.3.1/src/common/pico_util/fixed_bitset.c.o
[ 81%] Building C object CMakeFiles/GP2040-CE.dir/Users/desktop/.pico-sdk/sdk/2.3.1/src/common/pico_util/pheap.c.o
[ 81%] Building C object CMakeFiles/GP2040-CE.dir/Users/desktop/.pico-sdk/sdk/2.3.1/src/common/pico_util/queue.c.o
[ 81%] Building C object CMakeFiles/GP2040-CE.dir/Users/desktop/.pico-sdk/sdk/2.3.1/src/rp2_common/hardware_uart/uart.c.o
[ 81%] Building C object CMakeFiles/GP2040-CE.dir/Users/desktop/.pico-sdk/sdk/2.3.1/src/rp2_common/hardware_clocks/clocks.c.o
[ 81%] Building C object CMakeFiles/GP2040-CE.dir/Users/desktop/.pico-sdk/sdk/2.3.1/src/rp2_common/hardware_pll/pll.c.o
[ 81%] Building C object CMakeFiles/GP2040-CE.dir/Users/desktop/.pico-sdk/sdk/2.3.1/src/rp2_common/hardware_vreg/vreg.c.o
[ 81%] Building C object CMakeFiles/GP2040-CE.dir/Users/desktop/.pico-sdk/sdk/2.3.1/src/rp2_common/hardware_watchdog/watchdog.c.o
[ 81%] Building C object CMakeFiles/GP2040-CE.dir/Users/desktop/.pico-sdk/sdk/2.3.1/src/rp2_common/hardware_ticks/ticks.c.o
[ 81%] Building C object CMakeFiles/GP2040-CE.dir/Users/desktop/.pico-sdk/sdk/2.3.1/src/rp2_common/pico_bootrom/bootrom_lock.c.o
[ 81%] Building C object CMakeFiles/GP2040-CE.dir/Users/desktop/.pico-sdk/sdk/2.3.1/src/rp2_common/pico_bootrom/bootrom.c.o
[ 81%] Building C object CMakeFiles/GP2040-CE.dir/Users/desktop/.pico-sdk/sdk/2.3.1/src/rp2_common/hardware_boot_lock/boot_lock.c.o
[ 81%] Building C object CMakeFiles/GP2040-CE.dir/Users/desktop/.pico-sdk/sdk/2.3.1/src/rp2_common/pico_flash/flash.c.o
[ 81%] Building C object CMakeFiles/GP2040-CE.dir/Users/desktop/.pico-sdk/sdk/2.3.1/src/rp2_common/hardware_xosc/xosc.c.o
[ 81%] Building ASM object CMakeFiles/GP2040-CE.dir/Users/desktop/.pico-sdk/sdk/2.3.1/src/rp2_common/hardware_divider/divider.S.o
[ 81%] Building C object CMakeFiles/GP2040-CE.dir/Users/desktop/.pico-sdk/sdk/2.3.1/src/rp2_common/pico_runtime/runtime.c.o
[ 82%] Building C object CMakeFiles/GP2040-CE.dir/Users/desktop/.pico-sdk/sdk/2.3.1/src/rp2_common/pico_runtime_init/runtime_init.c.o
[ 82%] Building C object CMakeFiles/GP2040-CE.dir/Users/desktop/.pico-sdk/sdk/2.3.1/src/rp2_common/pico_runtime_init/runtime_init_clocks.c.o
[ 82%] Building C object CMakeFiles/GP2040-CE.dir/Users/desktop/.pico-sdk/sdk/2.3.1/src/rp2_common/pico_runtime_init/runtime_init_stack_guard.c.o
[ 82%] Building C object CMakeFiles/GP2040-CE.dir/Users/desktop/.pico-sdk/sdk/2.3.1/src/rp2_common/hardware_rtc/rtc.c.o
[ 82%] Building ASM object CMakeFiles/GP2040-CE.dir/Users/desktop/.pico-sdk/sdk/2.3.1/src/rp2_common/pico_double/double_aeabi_rp2040.S.o
[ 82%] Building ASM object CMakeFiles/GP2040-CE.dir/Users/desktop/.pico-sdk/sdk/2.3.1/src/rp2_common/pico_bit_ops/bit_ops_aeabi.S.o
[ 82%] Building ASM object CMakeFiles/GP2040-CE.dir/Users/desktop/.pico-sdk/sdk/2.3.1/src/rp2_common/pico_divider/divider_hardware.S.o
[ 82%] Building C object CMakeFiles/GP2040-CE.dir/Users/desktop/.pico-sdk/sdk/2.3.1/src/rp2_common/pico_double/double_init_rom_rp2040.c.o
[ 82%] Building C object CMakeFiles/GP2040-CE.dir/Users/desktop/.pico-sdk/sdk/2.3.1/src/rp2_common/pico_double/double_math.c.o
[ 82%] Building ASM object CMakeFiles/GP2040-CE.dir/Users/desktop/.pico-sdk/sdk/2.3.1/src/rp2_common/pico_double/double_v1_rom_shim_rp2040.S.o
[ 82%] Building ASM object CMakeFiles/GP2040-CE.dir/Users/desktop/.pico-sdk/sdk/2.3.1/src/rp2_common/pico_int64_ops/pico_int64_ops_aeabi.S.o
[ 82%] Building ASM object CMakeFiles/GP2040-CE.dir/Users/desktop/.pico-sdk/sdk/2.3.1/src/rp2_common/pico_float/float_aeabi_rp2040.S.o
[ 82%] Building C object CMakeFiles/GP2040-CE.dir/Users/desktop/.pico-sdk/sdk/2.3.1/src/rp2_common/pico_float/float_init_rom_rp2040.c.o
[ 82%] Building C object CMakeFiles/GP2040-CE.dir/Users/desktop/.pico-sdk/sdk/2.3.1/src/rp2_common/pico_float/float_math.c.o
[ 82%] Building ASM object CMakeFiles/GP2040-CE.dir/Users/desktop/.pico-sdk/sdk/2.3.1/src/rp2_common/pico_float/float_v1_rom_shim_rp2040.S.o
[ 82%] Building C object CMakeFiles/GP2040-CE.dir/Users/desktop/.pico-sdk/sdk/2.3.1/src/rp2_common/pico_malloc/malloc.c.o
[ 83%] Building ASM object CMakeFiles/GP2040-CE.dir/Users/desktop/.pico-sdk/sdk/2.3.1/src/rp2_common/pico_mem_ops/mem_ops_aeabi.S.o
[ 83%] Building C object CMakeFiles/GP2040-CE.dir/Users/desktop/.pico-sdk/sdk/2.3.1/src/rp2_common/pico_atomic/atomic.c.o
[ 83%] Building CXX object CMakeFiles/GP2040-CE.dir/Users/desktop/.pico-sdk/sdk/2.3.1/src/rp2_common/pico_cxx_options/new_delete.cpp.o
[ 83%] Building C object CMakeFiles/GP2040-CE.dir/Users/desktop/.pico-sdk/sdk/2.3.1/src/rp2_common/pico_standard_binary_info/standard_binary_info.c.o
[ 83%] Building C object CMakeFiles/GP2040-CE.dir/Users/desktop/.pico-sdk/sdk/2.3.1/src/rp2_common/pico_printf/printf.c.o
[ 83%] Building ASM object CMakeFiles/GP2040-CE.dir/Users/desktop/.pico-sdk/sdk/2.3.1/src/rp2_common/pico_crt0/crt0.S.o
[ 83%] Building C object CMakeFiles/GP2040-CE.dir/Users/desktop/.pico-sdk/sdk/2.3.1/src/rp2_common/pico_clib_interface/newlib_interface.c.o
[ 83%] Building C object CMakeFiles/GP2040-CE.dir/Users/desktop/.pico-sdk/sdk/2.3.1/src/rp2_common/pico_clib_interface/cxa_guard.c.o
[ 83%] Building C object CMakeFiles/GP2040-CE.dir/Users/desktop/.pico-sdk/sdk/2.3.1/src/rp2_common/pico_stdio/stdio.c.o
[ 83%] Building C object CMakeFiles/GP2040-CE.dir/Users/desktop/.pico-sdk/sdk/2.3.1/src/rp2_common/pico_stdio_uart/stdio_uart.c.o
[ 83%] Building C object CMakeFiles/GP2040-CE.dir/Users/desktop/.pico-sdk/sdk/2.3.1/src/rp2_common/pico_thread_local/thread_local.c.o
[ 83%] Building C object CMakeFiles/GP2040-CE.dir/lib/tinyusb/src/portable/raspberrypi/rp2040/hcd_rp2040.c.o
[ 83%] Building C object CMakeFiles/GP2040-CE.dir/Users/desktop/.pico-sdk/sdk/2.3.1/src/rp2_common/pico_bootsel_via_double_reset/pico_bootsel_via_double_reset.c.o
[ 83%] Building C object CMakeFiles/GP2040-CE.dir/lib/tinyusb/src/portable/raspberrypi/rp2040/rp2040_usb.c.o
[ 83%] Building C object CMakeFiles/GP2040-CE.dir/lib/tinyusb/src/host/usbh.c.o
[ 84%] Building C object CMakeFiles/GP2040-CE.dir/lib/tinyusb/src/host/hub.c.o
[ 84%] Building C object CMakeFiles/GP2040-CE.dir/lib/tinyusb/src/class/cdc/cdc_host.c.o
[ 84%] Building C object CMakeFiles/GP2040-CE.dir/lib/tinyusb/src/class/hid/hid_host.c.o
[ 84%] Building C object CMakeFiles/GP2040-CE.dir/lib/tinyusb/src/class/midi/midi_host.c.o
[ 84%] Building C object CMakeFiles/GP2040-CE.dir/lib/tinyusb/src/class/midi/midi2_host.c.o
[ 84%] Building C object CMakeFiles/GP2040-CE.dir/lib/tinyusb/src/class/msc/msc_host.c.o
[ 84%] Building C object CMakeFiles/GP2040-CE.dir/lib/tinyusb/src/class/vendor/vendor_host.c.o
[ 84%] Building C object CMakeFiles/GP2040-CE.dir/lib/tinyusb/src/portable/raspberrypi/pio_usb/hcd_pio_usb.c.o
[ 84%] Building C object CMakeFiles/GP2040-CE.dir/lib/tinyusb/src/tusb.c.o
[ 84%] Building C object CMakeFiles/GP2040-CE.dir/lib/tinyusb/src/common/tusb_fifo.c.o
[ 84%] Building C object CMakeFiles/GP2040-CE.dir/lib/pico_pio_usb/src/pio_usb.c.o
[ 84%] Building C object CMakeFiles/GP2040-CE.dir/lib/pico_pio_usb/src/pio_usb_host.c.o
[ 84%] Building C object CMakeFiles/GP2040-CE.dir/lib/pico_pio_usb/src/pio_usb_device.c.o
[ 84%] Building C object CMakeFiles/GP2040-CE.dir/lib/pico_pio_usb/src/usb_crc.c.o
[ 84%] Building C object CMakeFiles/GP2040-CE.dir/Users/desktop/.pico-sdk/sdk/2.3.1/src/rp2_common/hardware_dma/dma.c.o
[ 85%] Building C object CMakeFiles/GP2040-CE.dir/Users/desktop/.pico-sdk/sdk/2.3.1/src/rp2_common/hardware_pio/pio.c.o
[ 85%] Building C object CMakeFiles/GP2040-CE.dir/Users/desktop/.pico-sdk/sdk/2.3.1/src/rp2_common/pico_multicore/multicore.c.o
[ 85%] Building C object CMakeFiles/GP2040-CE.dir/Users/desktop/.pico-sdk/sdk/2.3.1/src/rp2_common/hardware_flash/flash.c.o
[ 85%] Building C object CMakeFiles/GP2040-CE.dir/Users/desktop/.pico-sdk/sdk/2.3.1/src/rp2_common/hardware_xip_cache/xip_cache.c.o
[ 85%] Building C object CMakeFiles/GP2040-CE.dir/Users/desktop/.pico-sdk/sdk/2.3.1/src/rp2_common/hardware_i2c/i2c.c.o
[ 85%] Building C object CMakeFiles/GP2040-CE.dir/Users/desktop/.pico-sdk/sdk/2.3.1/src/rp2_common/hardware_spi/spi.c.o
[ 85%] Building C object CMakeFiles/GP2040-CE.dir/lib/tinyusb/src/portable/raspberrypi/rp2040/dcd_rp2040.c.o
[ 85%] Building C object CMakeFiles/GP2040-CE.dir/lib/tinyusb/src/device/usbd.c.o
[ 85%] Building C object CMakeFiles/GP2040-CE.dir/lib/tinyusb/src/class/audio/audio_device.c.o
[ 85%] Building C object CMakeFiles/GP2040-CE.dir/lib/tinyusb/src/class/cdc/cdc_device.c.o
[ 85%] Building C object CMakeFiles/GP2040-CE.dir/lib/tinyusb/src/class/dfu/dfu_device.c.o
[ 85%] Building C object CMakeFiles/GP2040-CE.dir/lib/tinyusb/src/class/dfu/dfu_rt_device.c.o
[ 85%] Building C object CMakeFiles/GP2040-CE.dir/lib/tinyusb/src/class/hid/hid_device.c.o
[ 85%] Building C object CMakeFiles/GP2040-CE.dir/lib/tinyusb/src/class/midi/midi2_device.c.o
[ 85%] Building C object CMakeFiles/GP2040-CE.dir/lib/tinyusb/src/class/midi/midi_device.c.o
[ 86%] Building C object CMakeFiles/GP2040-CE.dir/lib/tinyusb/src/class/msc/msc_device.c.o
[ 86%] Building C object CMakeFiles/GP2040-CE.dir/lib/tinyusb/src/class/mtp/mtp_device.c.o
[ 86%] Building C object CMakeFiles/GP2040-CE.dir/lib/tinyusb/src/class/net/ecm_rndis_device.c.o
[ 86%] Building C object CMakeFiles/GP2040-CE.dir/lib/tinyusb/src/class/net/ncm_device.c.o
[ 86%] Building C object CMakeFiles/GP2040-CE.dir/lib/tinyusb/src/class/printer/printer_device.c.o
[ 86%] Building C object CMakeFiles/GP2040-CE.dir/lib/tinyusb/src/class/usbtmc/usbtmc_device.c.o
[ 86%] Building C object CMakeFiles/GP2040-CE.dir/lib/tinyusb/src/class/vendor/vendor_device.c.o
[ 86%] Building C object CMakeFiles/GP2040-CE.dir/lib/tinyusb/src/class/video/video_device.c.o
[ 86%] Building C object CMakeFiles/GP2040-CE.dir/lib/tinyusb/src/portable/raspberrypi/pio_usb/dcd_pio_usb.c.o
[ 86%] Building C object CMakeFiles/GP2040-CE.dir/Users/desktop/.pico-sdk/sdk/2.3.1/src/rp2_common/pico_fix/rp2040_usb_device_enumeration/rp2040_usb_device_enumeration.c.o
[ 86%] Building C object CMakeFiles/GP2040-CE.dir/Users/desktop/.pico-sdk/sdk/2.3.1/lib/lwip/src/core/init.c.o
[ 86%] Building C object CMakeFiles/GP2040-CE.dir/Users/desktop/.pico-sdk/sdk/2.3.1/lib/lwip/src/core/def.c.o
[ 86%] Building C object CMakeFiles/GP2040-CE.dir/Users/desktop/.pico-sdk/sdk/2.3.1/lib/lwip/src/core/dns.c.o
[ 86%] Building C object CMakeFiles/GP2040-CE.dir/Users/desktop/.pico-sdk/sdk/2.3.1/lib/lwip/src/core/inet_chksum.c.o
[ 86%] Building C object CMakeFiles/GP2040-CE.dir/Users/desktop/.pico-sdk/sdk/2.3.1/lib/lwip/src/core/ip.c.o
[ 87%] Building C object CMakeFiles/GP2040-CE.dir/Users/desktop/.pico-sdk/sdk/2.3.1/lib/lwip/src/core/mem.c.o
[ 87%] Building C object CMakeFiles/GP2040-CE.dir/Users/desktop/.pico-sdk/sdk/2.3.1/lib/lwip/src/core/memp.c.o
[ 87%] Building C object CMakeFiles/GP2040-CE.dir/Users/desktop/.pico-sdk/sdk/2.3.1/lib/lwip/src/core/netif.c.o
[ 87%] Building C object CMakeFiles/GP2040-CE.dir/Users/desktop/.pico-sdk/sdk/2.3.1/lib/lwip/src/core/pbuf.c.o
[ 87%] Building C object CMakeFiles/GP2040-CE.dir/Users/desktop/.pico-sdk/sdk/2.3.1/lib/lwip/src/core/raw.c.o
[ 87%] Building C object CMakeFiles/GP2040-CE.dir/Users/desktop/.pico-sdk/sdk/2.3.1/lib/lwip/src/core/stats.c.o
[ 87%] Building C object CMakeFiles/GP2040-CE.dir/Users/desktop/.pico-sdk/sdk/2.3.1/lib/lwip/src/core/sys.c.o
[ 87%] Building C object CMakeFiles/GP2040-CE.dir/Users/desktop/.pico-sdk/sdk/2.3.1/lib/lwip/src/core/altcp.c.o
[ 87%] Building C object CMakeFiles/GP2040-CE.dir/Users/desktop/.pico-sdk/sdk/2.3.1/lib/lwip/src/core/altcp_alloc.c.o
[ 87%] Building C object CMakeFiles/GP2040-CE.dir/Users/desktop/.pico-sdk/sdk/2.3.1/lib/lwip/src/core/altcp_tcp.c.o
[ 87%] Building C object CMakeFiles/GP2040-CE.dir/Users/desktop/.pico-sdk/sdk/2.3.1/lib/lwip/src/core/tcp.c.o
[ 87%] Building C object CMakeFiles/GP2040-CE.dir/Users/desktop/.pico-sdk/sdk/2.3.1/lib/lwip/src/core/tcp_in.c.o
[ 87%] Building C object CMakeFiles/GP2040-CE.dir/Users/desktop/.pico-sdk/sdk/2.3.1/lib/lwip/src/core/tcp_out.c.o
[ 87%] Building C object CMakeFiles/GP2040-CE.dir/Users/desktop/.pico-sdk/sdk/2.3.1/lib/lwip/src/core/timeouts.c.o
[ 87%] Building C object CMakeFiles/GP2040-CE.dir/Users/desktop/.pico-sdk/sdk/2.3.1/lib/lwip/src/core/udp.c.o
[ 88%] Building C object CMakeFiles/GP2040-CE.dir/Users/desktop/.pico-sdk/sdk/2.3.1/lib/lwip/src/core/ipv4/autoip.c.o
[ 88%] Building C object CMakeFiles/GP2040-CE.dir/Users/desktop/.pico-sdk/sdk/2.3.1/lib/lwip/src/core/ipv4/dhcp.c.o
[ 88%] Building C object CMakeFiles/GP2040-CE.dir/Users/desktop/.pico-sdk/sdk/2.3.1/lib/lwip/src/core/ipv4/etharp.c.o
[ 88%] Building C object CMakeFiles/GP2040-CE.dir/Users/desktop/.pico-sdk/sdk/2.3.1/lib/lwip/src/core/ipv4/icmp.c.o
[ 88%] Building C object CMakeFiles/GP2040-CE.dir/Users/desktop/.pico-sdk/sdk/2.3.1/lib/lwip/src/core/ipv4/igmp.c.o
[ 88%] Building C object CMakeFiles/GP2040-CE.dir/Users/desktop/.pico-sdk/sdk/2.3.1/lib/lwip/src/core/ipv4/ip4_frag.c.o
[ 88%] Building C object CMakeFiles/GP2040-CE.dir/Users/desktop/.pico-sdk/sdk/2.3.1/lib/lwip/src/core/ipv4/ip4.c.o
[ 88%] Building C object CMakeFiles/GP2040-CE.dir/Users/desktop/.pico-sdk/sdk/2.3.1/lib/lwip/src/core/ipv4/ip4_addr.c.o
[ 88%] Building C object CMakeFiles/GP2040-CE.dir/Users/desktop/.pico-sdk/sdk/2.3.1/lib/lwip/src/core/ipv4/acd.c.o
[ 88%] Building C object CMakeFiles/GP2040-CE.dir/Users/desktop/.pico-sdk/sdk/2.3.1/lib/lwip/src/core/ipv6/dhcp6.c.o
[ 88%] Building C object CMakeFiles/GP2040-CE.dir/Users/desktop/.pico-sdk/sdk/2.3.1/lib/lwip/src/core/ipv6/ethip6.c.o
[ 88%] Building C object CMakeFiles/GP2040-CE.dir/Users/desktop/.pico-sdk/sdk/2.3.1/lib/lwip/src/core/ipv6/icmp6.c.o
[ 88%] Building C object CMakeFiles/GP2040-CE.dir/Users/desktop/.pico-sdk/sdk/2.3.1/lib/lwip/src/core/ipv6/inet6.c.o
[ 88%] Building C object CMakeFiles/GP2040-CE.dir/Users/desktop/.pico-sdk/sdk/2.3.1/lib/lwip/src/core/ipv6/ip6.c.o
[ 88%] Building C object CMakeFiles/GP2040-CE.dir/Users/desktop/.pico-sdk/sdk/2.3.1/lib/lwip/src/core/ipv6/ip6_addr.c.o
[ 89%] Building C object CMakeFiles/GP2040-CE.dir/Users/desktop/.pico-sdk/sdk/2.3.1/lib/lwip/src/core/ipv6/ip6_frag.c.o
[ 89%] Building C object CMakeFiles/GP2040-CE.dir/Users/desktop/.pico-sdk/sdk/2.3.1/lib/lwip/src/core/ipv6/mld6.c.o
[ 89%] Building C object CMakeFiles/GP2040-CE.dir/Users/desktop/.pico-sdk/sdk/2.3.1/lib/lwip/src/core/ipv6/nd6.c.o
[ 89%] Building C object CMakeFiles/GP2040-CE.dir/Users/desktop/.pico-sdk/sdk/2.3.1/lib/lwip/src/api/api_lib.c.o
[ 89%] Building C object CMakeFiles/GP2040-CE.dir/Users/desktop/.pico-sdk/sdk/2.3.1/lib/lwip/src/api/api_msg.c.o
[ 89%] Building C object CMakeFiles/GP2040-CE.dir/Users/desktop/.pico-sdk/sdk/2.3.1/lib/lwip/src/api/err.c.o
[ 89%] Building C object CMakeFiles/GP2040-CE.dir/Users/desktop/.pico-sdk/sdk/2.3.1/lib/lwip/src/api/if_api.c.o
[ 89%] Building C object CMakeFiles/GP2040-CE.dir/Users/desktop/.pico-sdk/sdk/2.3.1/lib/lwip/src/api/netbuf.c.o
[ 89%] Building C object CMakeFiles/GP2040-CE.dir/Users/desktop/.pico-sdk/sdk/2.3.1/lib/lwip/src/api/netdb.c.o
[ 89%] Building C object CMakeFiles/GP2040-CE.dir/Users/desktop/.pico-sdk/sdk/2.3.1/lib/lwip/src/api/netifapi.c.o
[ 89%] Building C object CMakeFiles/GP2040-CE.dir/Users/desktop/.pico-sdk/sdk/2.3.1/lib/lwip/src/api/sockets.c.o
[ 89%] Building C object CMakeFiles/GP2040-CE.dir/Users/desktop/.pico-sdk/sdk/2.3.1/lib/lwip/src/api/tcpip.c.o
[ 89%] Building C object CMakeFiles/GP2040-CE.dir/Users/desktop/.pico-sdk/sdk/2.3.1/lib/lwip/src/netif/ethernet.c.o
[ 89%] Building C object CMakeFiles/GP2040-CE.dir/Users/desktop/.pico-sdk/sdk/2.3.1/lib/lwip/src/netif/bridgeif.c.o
[ 89%] Building C object CMakeFiles/GP2040-CE.dir/Users/desktop/.pico-sdk/sdk/2.3.1/lib/lwip/src/netif/bridgeif_fdb.c.o
[ 90%] Building C object CMakeFiles/GP2040-CE.dir/Users/desktop/.pico-sdk/sdk/2.3.1/lib/lwip/src/netif/slipif.c.o
[ 90%] Building C object CMakeFiles/GP2040-CE.dir/Users/desktop/.pico-sdk/sdk/2.3.1/lib/lwip/src/netif/lowpan6_common.c.o
[ 90%] Building C object CMakeFiles/GP2040-CE.dir/Users/desktop/.pico-sdk/sdk/2.3.1/lib/lwip/src/netif/lowpan6.c.o
[ 90%] Building C object CMakeFiles/GP2040-CE.dir/Users/desktop/.pico-sdk/sdk/2.3.1/lib/lwip/src/netif/lowpan6_ble.c.o
[ 90%] Building C object CMakeFiles/GP2040-CE.dir/Users/desktop/.pico-sdk/sdk/2.3.1/lib/lwip/src/netif/zepif.c.o
[ 90%] Building C object CMakeFiles/GP2040-CE.dir/Users/desktop/.pico-sdk/sdk/2.3.1/lib/lwip/src/netif/ppp/auth.c.o
[ 90%] Building C object CMakeFiles/GP2040-CE.dir/Users/desktop/.pico-sdk/sdk/2.3.1/lib/lwip/src/netif/ppp/ccp.c.o
[ 90%] Building C object CMakeFiles/GP2040-CE.dir/Users/desktop/.pico-sdk/sdk/2.3.1/lib/lwip/src/netif/ppp/chap-md5.c.o
[ 90%] Building C object CMakeFiles/GP2040-CE.dir/Users/desktop/.pico-sdk/sdk/2.3.1/lib/lwip/src/netif/ppp/chap_ms.c.o
[ 90%] Building C object CMakeFiles/GP2040-CE.dir/Users/desktop/.pico-sdk/sdk/2.3.1/lib/lwip/src/netif/ppp/chap-new.c.o
[ 90%] Building C object CMakeFiles/GP2040-CE.dir/Users/desktop/.pico-sdk/sdk/2.3.1/lib/lwip/src/netif/ppp/demand.c.o
[ 90%] Building C object CMakeFiles/GP2040-CE.dir/Users/desktop/.pico-sdk/sdk/2.3.1/lib/lwip/src/netif/ppp/eap.c.o
[ 90%] Building C object CMakeFiles/GP2040-CE.dir/Users/desktop/.pico-sdk/sdk/2.3.1/lib/lwip/src/netif/ppp/ecp.c.o
[ 90%] Building C object CMakeFiles/GP2040-CE.dir/Users/desktop/.pico-sdk/sdk/2.3.1/lib/lwip/src/netif/ppp/eui64.c.o
[ 90%] Building C object CMakeFiles/GP2040-CE.dir/Users/desktop/.pico-sdk/sdk/2.3.1/lib/lwip/src/netif/ppp/fsm.c.o
[ 90%] Building C object CMakeFiles/GP2040-CE.dir/Users/desktop/.pico-sdk/sdk/2.3.1/lib/lwip/src/netif/ppp/ipcp.c.o
[ 91%] Building C object CMakeFiles/GP2040-CE.dir/Users/desktop/.pico-sdk/sdk/2.3.1/lib/lwip/src/netif/ppp/ipv6cp.c.o
[ 91%] Building C object CMakeFiles/GP2040-CE.dir/Users/desktop/.pico-sdk/sdk/2.3.1/lib/lwip/src/netif/ppp/lcp.c.o
[ 91%] Building C object CMakeFiles/GP2040-CE.dir/Users/desktop/.pico-sdk/sdk/2.3.1/lib/lwip/src/netif/ppp/magic.c.o
[ 91%] Building C object CMakeFiles/GP2040-CE.dir/Users/desktop/.pico-sdk/sdk/2.3.1/lib/lwip/src/netif/ppp/mppe.c.o
[ 91%] Building C object CMakeFiles/GP2040-CE.dir/Users/desktop/.pico-sdk/sdk/2.3.1/lib/lwip/src/netif/ppp/multilink.c.o
[ 91%] Building C object CMakeFiles/GP2040-CE.dir/Users/desktop/.pico-sdk/sdk/2.3.1/lib/lwip/src/netif/ppp/ppp.c.o
[ 91%] Building C object CMakeFiles/GP2040-CE.dir/Users/desktop/.pico-sdk/sdk/2.3.1/lib/lwip/src/netif/ppp/pppapi.c.o
[ 91%] Building C object CMakeFiles/GP2040-CE.dir/Users/desktop/.pico-sdk/sdk/2.3.1/lib/lwip/src/netif/ppp/pppcrypt.c.o
[ 91%] Building C object CMakeFiles/GP2040-CE.dir/Users/desktop/.pico-sdk/sdk/2.3.1/lib/lwip/src/netif/ppp/pppoe.c.o
[ 91%] Building C object CMakeFiles/GP2040-CE.dir/Users/desktop/.pico-sdk/sdk/2.3.1/lib/lwip/src/netif/ppp/pppol2tp.c.o
[ 91%] Building C object CMakeFiles/GP2040-CE.dir/Users/desktop/.pico-sdk/sdk/2.3.1/lib/lwip/src/netif/ppp/pppos.c.o
[ 91%] Building C object CMakeFiles/GP2040-CE.dir/Users/desktop/.pico-sdk/sdk/2.3.1/lib/lwip/src/netif/ppp/upap.c.o
[ 91%] Building C object CMakeFiles/GP2040-CE.dir/Users/desktop/.pico-sdk/sdk/2.3.1/lib/lwip/src/netif/ppp/utils.c.o
[ 91%] Building C object CMakeFiles/GP2040-CE.dir/Users/desktop/.pico-sdk/sdk/2.3.1/lib/lwip/src/netif/ppp/vj.c.o
[ 91%] Building C object CMakeFiles/GP2040-CE.dir/Users/desktop/.pico-sdk/sdk/2.3.1/lib/lwip/src/netif/ppp/polarssl/arc4.c.o
[ 92%] Building C object CMakeFiles/GP2040-CE.dir/Users/desktop/.pico-sdk/sdk/2.3.1/lib/lwip/src/netif/ppp/polarssl/des.c.o
[ 92%] Building C object CMakeFiles/GP2040-CE.dir/Users/desktop/.pico-sdk/sdk/2.3.1/lib/lwip/src/netif/ppp/polarssl/md4.c.o
[ 92%] Building C object CMakeFiles/GP2040-CE.dir/Users/desktop/.pico-sdk/sdk/2.3.1/lib/lwip/src/netif/ppp/polarssl/md5.c.o
[ 92%] Building C object CMakeFiles/GP2040-CE.dir/Users/desktop/.pico-sdk/sdk/2.3.1/lib/lwip/src/netif/ppp/polarssl/sha1.c.o
[ 92%] Building C object CMakeFiles/GP2040-CE.dir/Users/desktop/.pico-sdk/sdk/2.3.1/lib/lwip/src/apps/mdns/mdns.c.o
[ 92%] Building C object CMakeFiles/GP2040-CE.dir/Users/desktop/.pico-sdk/sdk/2.3.1/lib/lwip/src/apps/mdns/mdns_out.c.o
[ 92%] Building C object CMakeFiles/GP2040-CE.dir/Users/desktop/.pico-sdk/sdk/2.3.1/lib/lwip/src/apps/mdns/mdns_domain.c.o
[ 92%] Building C object CMakeFiles/GP2040-CE.dir/Users/desktop/.pico-sdk/sdk/2.3.1/src/rp2_common/pico_rand/rand.c.o
[ 92%] Building C object CMakeFiles/GP2040-CE.dir/Users/desktop/.pico-sdk/sdk/2.3.1/src/rp2_common/pico_unique_id/unique_id.c.o
[ 92%] Building C object CMakeFiles/GP2040-CE.dir/Users/desktop/.pico-sdk/sdk/2.3.1/src/rp2_common/hardware_adc/adc.c.o
[ 92%] Building C object CMakeFiles/GP2040-CE.dir/Users/desktop/.pico-sdk/sdk/2.3.1/src/rp2_common/pico_mbedtls/pico_mbedtls.c.o
[ 92%] Building C object CMakeFiles/GP2040-CE.dir/Users/desktop/.pico-sdk/sdk/2.3.1/lib/mbedtls/library/aes.c.o
[ 92%] Building C object CMakeFiles/GP2040-CE.dir/Users/desktop/.pico-sdk/sdk/2.3.1/lib/mbedtls/library/aesni.c.o
[ 92%] Building C object CMakeFiles/GP2040-CE.dir/Users/desktop/.pico-sdk/sdk/2.3.1/lib/mbedtls/library/aria.c.o
[ 92%] Building C object CMakeFiles/GP2040-CE.dir/Users/desktop/.pico-sdk/sdk/2.3.1/lib/mbedtls/library/asn1parse.c.o
[ 93%] Building C object CMakeFiles/GP2040-CE.dir/Users/desktop/.pico-sdk/sdk/2.3.1/lib/mbedtls/library/asn1write.c.o
[ 93%] Building C object CMakeFiles/GP2040-CE.dir/Users/desktop/.pico-sdk/sdk/2.3.1/lib/mbedtls/library/base64.c.o
[ 93%] Building C object CMakeFiles/GP2040-CE.dir/Users/desktop/.pico-sdk/sdk/2.3.1/lib/mbedtls/library/bignum.c.o
[ 93%] Building C object CMakeFiles/GP2040-CE.dir/Users/desktop/.pico-sdk/sdk/2.3.1/lib/mbedtls/library/camellia.c.o
[ 93%] Building C object CMakeFiles/GP2040-CE.dir/Users/desktop/.pico-sdk/sdk/2.3.1/lib/mbedtls/library/chacha20.c.o
[ 93%] Building C object CMakeFiles/GP2040-CE.dir/Users/desktop/.pico-sdk/sdk/2.3.1/lib/mbedtls/library/ccm.c.o
[ 93%] Building C object CMakeFiles/GP2040-CE.dir/Users/desktop/.pico-sdk/sdk/2.3.1/lib/mbedtls/library/chachapoly.c.o
[ 93%] Building C object CMakeFiles/GP2040-CE.dir/Users/desktop/.pico-sdk/sdk/2.3.1/lib/mbedtls/library/cipher.c.o
[ 93%] Building C object CMakeFiles/GP2040-CE.dir/Users/desktop/.pico-sdk/sdk/2.3.1/lib/mbedtls/library/cipher_wrap.c.o
[ 93%] Building C object CMakeFiles/GP2040-CE.dir/Users/desktop/.pico-sdk/sdk/2.3.1/lib/mbedtls/library/constant_time.c.o
[ 93%] Building C object CMakeFiles/GP2040-CE.dir/Users/desktop/.pico-sdk/sdk/2.3.1/lib/mbedtls/library/cmac.c.o
[ 93%] Building C object CMakeFiles/GP2040-CE.dir/Users/desktop/.pico-sdk/sdk/2.3.1/lib/mbedtls/library/ctr_drbg.c.o
[ 93%] Building C object CMakeFiles/GP2040-CE.dir/Users/desktop/.pico-sdk/sdk/2.3.1/lib/mbedtls/library/des.c.o
[ 93%] Building C object CMakeFiles/GP2040-CE.dir/Users/desktop/.pico-sdk/sdk/2.3.1/lib/mbedtls/library/dhm.c.o
[ 93%] Building C object CMakeFiles/GP2040-CE.dir/Users/desktop/.pico-sdk/sdk/2.3.1/lib/mbedtls/library/ecdh.c.o
[ 94%] Building C object CMakeFiles/GP2040-CE.dir/Users/desktop/.pico-sdk/sdk/2.3.1/lib/mbedtls/library/ecdsa.c.o
[ 94%] Building C object CMakeFiles/GP2040-CE.dir/Users/desktop/.pico-sdk/sdk/2.3.1/lib/mbedtls/library/ecjpake.c.o
[ 94%] Building C object CMakeFiles/GP2040-CE.dir/Users/desktop/.pico-sdk/sdk/2.3.1/lib/mbedtls/library/ecp.c.o
[ 94%] Building C object CMakeFiles/GP2040-CE.dir/Users/desktop/.pico-sdk/sdk/2.3.1/lib/mbedtls/library/ecp_curves.c.o
[ 94%] Building C object CMakeFiles/GP2040-CE.dir/Users/desktop/.pico-sdk/sdk/2.3.1/lib/mbedtls/library/entropy.c.o
[ 94%] Building C object CMakeFiles/GP2040-CE.dir/Users/desktop/.pico-sdk/sdk/2.3.1/lib/mbedtls/library/entropy_poll.c.o
[ 94%] Building C object CMakeFiles/GP2040-CE.dir/Users/desktop/.pico-sdk/sdk/2.3.1/lib/mbedtls/library/error.c.o
[ 94%] Building C object CMakeFiles/GP2040-CE.dir/Users/desktop/.pico-sdk/sdk/2.3.1/lib/mbedtls/library/gcm.c.o
[ 94%] Building C object CMakeFiles/GP2040-CE.dir/Users/desktop/.pico-sdk/sdk/2.3.1/lib/mbedtls/library/hkdf.c.o
[ 94%] Building C object CMakeFiles/GP2040-CE.dir/Users/desktop/.pico-sdk/sdk/2.3.1/lib/mbedtls/library/hmac_drbg.c.o
[ 94%] Building C object CMakeFiles/GP2040-CE.dir/Users/desktop/.pico-sdk/sdk/2.3.1/lib/mbedtls/library/md.c.o
[ 94%] Building C object CMakeFiles/GP2040-CE.dir/Users/desktop/.pico-sdk/sdk/2.3.1/lib/mbedtls/library/md5.c.o
[ 94%] Building C object CMakeFiles/GP2040-CE.dir/Users/desktop/.pico-sdk/sdk/2.3.1/lib/mbedtls/library/memory_buffer_alloc.c.o
[ 94%] Building C object CMakeFiles/GP2040-CE.dir/Users/desktop/.pico-sdk/sdk/2.3.1/lib/mbedtls/library/mps_reader.c.o
[ 94%] Building C object CMakeFiles/GP2040-CE.dir/Users/desktop/.pico-sdk/sdk/2.3.1/lib/mbedtls/library/mps_trace.c.o
[ 95%] Building C object CMakeFiles/GP2040-CE.dir/Users/desktop/.pico-sdk/sdk/2.3.1/lib/mbedtls/library/nist_kw.c.o
[ 95%] Building C object CMakeFiles/GP2040-CE.dir/Users/desktop/.pico-sdk/sdk/2.3.1/lib/mbedtls/library/oid.c.o
[ 95%] Building C object CMakeFiles/GP2040-CE.dir/Users/desktop/.pico-sdk/sdk/2.3.1/lib/mbedtls/library/padlock.c.o
[ 95%] Building C object CMakeFiles/GP2040-CE.dir/Users/desktop/.pico-sdk/sdk/2.3.1/lib/mbedtls/library/pem.c.o
[ 95%] Building C object CMakeFiles/GP2040-CE.dir/Users/desktop/.pico-sdk/sdk/2.3.1/lib/mbedtls/library/pk.c.o
[ 95%] Building C object CMakeFiles/GP2040-CE.dir/Users/desktop/.pico-sdk/sdk/2.3.1/lib/mbedtls/library/pk_wrap.c.o
[ 95%] Building C object CMakeFiles/GP2040-CE.dir/Users/desktop/.pico-sdk/sdk/2.3.1/lib/mbedtls/library/pkcs12.c.o
[ 95%] Building C object CMakeFiles/GP2040-CE.dir/Users/desktop/.pico-sdk/sdk/2.3.1/lib/mbedtls/library/pkcs5.c.o
[ 95%] Building C object CMakeFiles/GP2040-CE.dir/Users/desktop/.pico-sdk/sdk/2.3.1/lib/mbedtls/library/pkparse.c.o
[ 95%] Building C object CMakeFiles/GP2040-CE.dir/Users/desktop/.pico-sdk/sdk/2.3.1/lib/mbedtls/library/pkwrite.c.o
[ 95%] Building C object CMakeFiles/GP2040-CE.dir/Users/desktop/.pico-sdk/sdk/2.3.1/lib/mbedtls/library/platform.c.o
[ 95%] Building C object CMakeFiles/GP2040-CE.dir/Users/desktop/.pico-sdk/sdk/2.3.1/lib/mbedtls/library/platform_util.c.o
[ 95%] Building C object CMakeFiles/GP2040-CE.dir/Users/desktop/.pico-sdk/sdk/2.3.1/lib/mbedtls/library/poly1305.c.o
[ 95%] Building C object CMakeFiles/GP2040-CE.dir/Users/desktop/.pico-sdk/sdk/2.3.1/lib/mbedtls/library/psa_crypto.c.o
[ 95%] Building C object CMakeFiles/GP2040-CE.dir/Users/desktop/.pico-sdk/sdk/2.3.1/lib/mbedtls/library/psa_crypto_aead.c.o
[ 96%] Building C object CMakeFiles/GP2040-CE.dir/Users/desktop/.pico-sdk/sdk/2.3.1/lib/mbedtls/library/psa_crypto_cipher.c.o
[ 96%] Building C object CMakeFiles/GP2040-CE.dir/Users/desktop/.pico-sdk/sdk/2.3.1/lib/mbedtls/library/psa_crypto_client.c.o
[ 96%] Building C object CMakeFiles/GP2040-CE.dir/Users/desktop/.pico-sdk/sdk/2.3.1/lib/mbedtls/library/psa_crypto_ecp.c.o
[ 96%] Building C object CMakeFiles/GP2040-CE.dir/Users/desktop/.pico-sdk/sdk/2.3.1/lib/mbedtls/library/psa_crypto_mac.c.o
[ 96%] Building C object CMakeFiles/GP2040-CE.dir/Users/desktop/.pico-sdk/sdk/2.3.1/lib/mbedtls/library/psa_crypto_hash.c.o
[ 96%] Building C object CMakeFiles/GP2040-CE.dir/Users/desktop/.pico-sdk/sdk/2.3.1/lib/mbedtls/library/psa_crypto_random.c.o
[ 96%] Building C object CMakeFiles/GP2040-CE.dir/Users/desktop/.pico-sdk/sdk/2.3.1/lib/mbedtls/library/psa_crypto_rsa.c.o
[ 96%] Building C object CMakeFiles/GP2040-CE.dir/Users/desktop/.pico-sdk/sdk/2.3.1/lib/mbedtls/library/psa_crypto_se.c.o
[ 96%] Building C object CMakeFiles/GP2040-CE.dir/Users/desktop/.pico-sdk/sdk/2.3.1/lib/mbedtls/library/psa_crypto_slot_management.c.o
[ 96%] Building C object CMakeFiles/GP2040-CE.dir/Users/desktop/.pico-sdk/sdk/2.3.1/lib/mbedtls/library/psa_crypto_storage.c.o
[ 96%] Building C object CMakeFiles/GP2040-CE.dir/Users/desktop/.pico-sdk/sdk/2.3.1/lib/mbedtls/library/psa_its_file.c.o
[ 96%] Building C object CMakeFiles/GP2040-CE.dir/Users/desktop/.pico-sdk/sdk/2.3.1/lib/mbedtls/library/ripemd160.c.o
[ 96%] Building C object CMakeFiles/GP2040-CE.dir/Users/desktop/.pico-sdk/sdk/2.3.1/lib/mbedtls/library/rsa.c.o
[ 96%] Building C object CMakeFiles/GP2040-CE.dir/Users/desktop/.pico-sdk/sdk/2.3.1/lib/mbedtls/library/sha1.c.o
[ 96%] Building C object CMakeFiles/GP2040-CE.dir/Users/desktop/.pico-sdk/sdk/2.3.1/lib/mbedtls/library/sha256.c.o
[ 97%] Building C object CMakeFiles/GP2040-CE.dir/Users/desktop/.pico-sdk/sdk/2.3.1/lib/mbedtls/library/sha512.c.o
[ 97%] Building C object CMakeFiles/GP2040-CE.dir/Users/desktop/.pico-sdk/sdk/2.3.1/lib/mbedtls/library/threading.c.o
[ 97%] Building C object CMakeFiles/GP2040-CE.dir/Users/desktop/.pico-sdk/sdk/2.3.1/lib/mbedtls/library/timing.c.o
[ 97%] Building C object CMakeFiles/GP2040-CE.dir/Users/desktop/.pico-sdk/sdk/2.3.1/lib/mbedtls/library/version.c.o
[ 97%] Building C object CMakeFiles/GP2040-CE.dir/Users/desktop/.pico-sdk/sdk/2.3.1/lib/mbedtls/library/version_features.c.o
[ 97%] Building C object CMakeFiles/GP2040-CE.dir/Users/desktop/.pico-sdk/sdk/2.3.1/lib/mbedtls/library/bignum_core.c.o
[ 97%] Building C object CMakeFiles/GP2040-CE.dir/Users/desktop/.pico-sdk/sdk/2.3.1/lib/mbedtls/library/rsa_alt_helpers.c.o
[ 97%] Building C object CMakeFiles/GP2040-CE.dir/Users/desktop/.pico-sdk/sdk/2.3.1/lib/mbedtls/library/pk_ecc.c.o
[ 97%] Building C object CMakeFiles/GP2040-CE.dir/Users/desktop/.pico-sdk/sdk/2.3.1/lib/mbedtls/library/psa_crypto_driver_wrappers_no_static.c.o
[ 97%] Building C object CMakeFiles/GP2040-CE.dir/Users/desktop/.pico-sdk/sdk/2.3.1/lib/mbedtls/library/psa_crypto_ffdh.c.o
[ 97%] Building C object CMakeFiles/GP2040-CE.dir/Users/desktop/.pico-sdk/sdk/2.3.1/lib/mbedtls/library/psa_crypto_pake.c.o
[ 97%] Building C object CMakeFiles/GP2040-CE.dir/Users/desktop/.pico-sdk/sdk/2.3.1/lib/mbedtls/library/psa_util.c.o
[ 97%] Building C object CMakeFiles/GP2040-CE.dir/Users/desktop/.pico-sdk/sdk/2.3.1/lib/mbedtls/library/sha3.c.o
[ 97%] Building C object CMakeFiles/GP2040-CE.dir/Users/desktop/.pico-sdk/sdk/2.3.1/lib/mbedtls/library/block_cipher.c.o
[ 97%] Building C object CMakeFiles/GP2040-CE.dir/Users/desktop/.pico-sdk/sdk/2.3.1/lib/mbedtls/library/x509.c.o
[ 98%] Building C object CMakeFiles/GP2040-CE.dir/Users/desktop/.pico-sdk/sdk/2.3.1/lib/mbedtls/library/x509_create.c.o
[ 98%] Building C object CMakeFiles/GP2040-CE.dir/Users/desktop/.pico-sdk/sdk/2.3.1/lib/mbedtls/library/x509_crl.c.o
[ 98%] Building C object CMakeFiles/GP2040-CE.dir/Users/desktop/.pico-sdk/sdk/2.3.1/lib/mbedtls/library/x509_crt.c.o
[ 98%] Building C object CMakeFiles/GP2040-CE.dir/Users/desktop/.pico-sdk/sdk/2.3.1/lib/mbedtls/library/x509_csr.c.o
[ 98%] Building C object CMakeFiles/GP2040-CE.dir/Users/desktop/.pico-sdk/sdk/2.3.1/lib/mbedtls/library/x509write_crt.c.o
[ 98%] Building C object CMakeFiles/GP2040-CE.dir/Users/desktop/.pico-sdk/sdk/2.3.1/lib/mbedtls/library/debug.c.o
[ 98%] Building C object CMakeFiles/GP2040-CE.dir/Users/desktop/.pico-sdk/sdk/2.3.1/lib/mbedtls/library/x509write_csr.c.o
[ 98%] Building C object CMakeFiles/GP2040-CE.dir/Users/desktop/.pico-sdk/sdk/2.3.1/lib/mbedtls/library/net_sockets.c.o
[ 98%] Building C object CMakeFiles/GP2040-CE.dir/Users/desktop/.pico-sdk/sdk/2.3.1/lib/mbedtls/library/ssl_cache.c.o
[ 98%] Building C object CMakeFiles/GP2040-CE.dir/Users/desktop/.pico-sdk/sdk/2.3.1/lib/mbedtls/library/ssl_ciphersuites.c.o
[ 98%] Building C object CMakeFiles/GP2040-CE.dir/Users/desktop/.pico-sdk/sdk/2.3.1/lib/mbedtls/library/ssl_cookie.c.o
[ 98%] Building C object CMakeFiles/GP2040-CE.dir/Users/desktop/.pico-sdk/sdk/2.3.1/lib/mbedtls/library/ssl_msg.c.o
[ 98%] Building C object CMakeFiles/GP2040-CE.dir/Users/desktop/.pico-sdk/sdk/2.3.1/lib/mbedtls/library/ssl_ticket.c.o
[ 98%] Building C object CMakeFiles/GP2040-CE.dir/Users/desktop/.pico-sdk/sdk/2.3.1/lib/mbedtls/library/ssl_tls.c.o
[ 98%] Building C object CMakeFiles/GP2040-CE.dir/Users/desktop/.pico-sdk/sdk/2.3.1/lib/mbedtls/library/ssl_tls13_keys.c.o
[ 98%] Building C object CMakeFiles/GP2040-CE.dir/Users/desktop/.pico-sdk/sdk/2.3.1/lib/mbedtls/library/ssl_client.c.o
[100%] Building C object CMakeFiles/GP2040-CE.dir/Users/desktop/.pico-sdk/sdk/2.3.1/lib/mbedtls/library/ssl_debug_helpers_generated.c.o
[100%] Building C object CMakeFiles/GP2040-CE.dir/Users/desktop/.pico-sdk/sdk/2.3.1/lib/mbedtls/library/ssl_tls13_client.c.o
[100%] Building C object CMakeFiles/GP2040-CE.dir/Users/desktop/.pico-sdk/sdk/2.3.1/lib/mbedtls/library/ssl_tls13_generic.c.o
[100%] Building C object CMakeFiles/GP2040-CE.dir/Users/desktop/.pico-sdk/sdk/2.3.1/lib/mbedtls/library/ssl_tls13_server.c.o
[100%] Building C object CMakeFiles/GP2040-CE.dir/Users/desktop/.pico-sdk/sdk/2.3.1/lib/mbedtls/library/ssl_tls12_client.c.o
[100%] Building C object CMakeFiles/GP2040-CE.dir/Users/desktop/.pico-sdk/sdk/2.3.1/lib/mbedtls/library/ssl_tls12_server.c.o
[100%] Linking CXX executable GP2040-CE_0.7.12_Haute42COSMOX.elf
[100%] Built target GP2040-CE
